,match,GK Difference,FW Difference,MF Difference,DF Difference,backup Difference,GK^2 Difference,GK FW Difference,GK MF Difference,GK DF Difference,GK backup Difference,FW^2 Difference,FW MF Difference,FW DF Difference,FW backup Difference,MF^2 Difference,MF DF Difference,MF backup Difference,DF^2 Difference,DF backup Difference,backup^2 Difference,Year,Winner
0,South Africa-Mexico,1.0,-9.175438596491233,1.291497975708495,-5.051282051282044,-2.094129554655879,1.4300000000000068,-5.86456140350878,1.613694331983794,-2.893589743589743,-0.8527294197031168,-12.769956909818411,-5.434836103416444,-10.103742690058475,-7.371498922745467,1.7829730859381314,-2.559370133914662,-0.6130566767471635,-7.254418145956592,-4.759667203017408,-2.699639626257344,2010,1
1,Uruguay-France,-7.0,4.10526315789474,-0.4071637426900594,-2.3333333333333286,-0.928849902534111,-11.829999999999998,-1.8240350877193094,-5.766776315789478,-7.373333333333335,-5.3861842105263165,6.2083102493074875,2.8723706012106263,1.4035672514619932,1.9961694196504922,-0.6308389066293927,-2.121769005847945,-0.9871972394639954,-3.601111111111109,-2.2505311890838158,-1.221120762703812,2010,1
2,South Korea-Greece,-8.444444444444443,-2.8148148148148238,-5.194444444444443,-9.629629629629633,0.19444444444443576,-11.784691358024688,-8.066008230452681,-9.379691358024687,-12.702386831275724,-5.269938271604943,-4.067928669410158,-5.6718415637860105,-8.952647462277113,-1.6613683127572116,-7.080316358024689,-10.243220164609056,-3.1926466049382682,-13.645541838134442,-6.026532921810713,0.24894290123455676,2010,2
3,Argentina-Nigeria,7.0,13.333333333333329,16.791666666666657,7.432539682539684,2.6150793650793815,10.71,15.543333333333337,17.63041666666666,10.69242063492063,6.5040079365079535,20.355555555555547,21.931527777777767,15.209748677248669,10.574219576719585,22.95560763888888,17.09015707671957,12.590487764550268,10.631776108591588,6.652100497606462,3.364839222726154,2010,2
4,England-United States,-3.0,5.666666666666657,1.25,-2.701754385964904,0.3810916179337056,-4.289999999999999,1.846666666666657,-1.345000000000006,-4.122280701754377,-1.6965253411306236,8.329999999999991,5.147499999999994,2.1518713450292424,3.99933560753734,1.8656250000000014,-1.1034649122806997,1.104808723196868,-3.945509387503833,-1.4949929892958593,0.5002477495449469,2010,1
5,Algeria-Slovenia,-7.0,-5.353030303030295,-1.9124999999999943,-1.6666666666666714,-0.9708333333333314,-11.829999999999998,-9.572166666666654,-6.729124999999996,-6.506666666666668,-5.394708333333327,-7.721908425160684,-5.289473674242416,-5.100898989898987,-4.198322032828273,-2.793923437499984,-2.610333333333344,-1.9589119791666576,-2.427777777777777,-1.7962222222222337,-1.2688387152777807,2010,0
6,Serbia-Ghana,2.0,3.0,-7.5,2.666666666666657,1.2269841269841208,2.9199999999999946,3.6000000000000014,-3.9399999999999977,3.406666666666659,2.2020952380952394,4.230000000000004,-2.9849999999999994,4.07,2.824619047619045,-11.512499999999996,-3.4283333333333417,-3.957277777777783,3.8933333333333096,2.637560846560838,1.602928168304345,2010,0
7,Germany-Australia,18.0,1.9545454545454675,18.75,7.666666666666671,6.742063492063501,28.799999999999997,13.927727272727289,28.837500000000006,19.78333333333334,17.41543650793652,2.685130853994508,14.38181818181819,6.748383838383852,5.936478475228483,28.828125,20.112500000000004,17.705654761904775,11.62777777777778,10.233121693121703,9.005738063744026,2010,2
8,Netherlands-Denmark,3.0,12.666666666666657,-2.625,2.5833333333333286,5.568181818181806,4.469999999999999,11.65666666666666,0.240000000000002,4.093333333333334,6.069772727272721,18.74666666666665,7.32791666666666,11.068611111111096,12.233358585858568,-3.8423437499999977,-0.00697916666667453,2.3939204545454515,3.7350694444444343,5.679936868686859,7.132756542699703,2010,2
9,Japan-Cameroon,-11.692307692307693,-3.5418803418803293,-11.04615384615385,-7.128205128205124,-9.208547008547015,-15.937514792899407,-11.090419460880987,-15.441372781065091,-13.444497041420114,-13.588368178829718,-5.256634787055283,-10.59403708086785,-7.890627218934895,-9.048469544890061,-14.951394082840245,-12.935992110453654,-13.140344773175542,-10.469322813938199,-11.220370808678503,-11.518082080502595,2010,2
10,Italy-Paraguay,11.0,4.851851851851848,3.25,8.666666666666671,0.8194444444444571,18.15,12.132592592592594,10.752499999999998,15.913333333333341,8.046805555555565,7.171755829903979,5.962037037037035,10.270617283950628,3.8567078189300403,4.769374999999997,8.948333333333338,2.778993055555567,13.808888888888902,6.460092592592602,1.0981693672839725,2010,1
11,New Zealand-Slovakia,-20.0,2.3333333333333286,-6.25,0.0,-4.776515151515149,-30.0,-12.216666666666669,-19.0625,-14.799999999999997,-16.126704545454544,3.258888888888883,-2.6875,1.7266666666666595,-1.8720959595959599,-8.984375,-4.625,-7.353219696969688,0.0,-3.534621212121209,-5.991812586088152,2010,1
12,Ivory Coast-Portugal,-4.0,6.3174603174603305,-1.4464285714285836,-7.309523809523824,-0.8075396825396837,-5.919999999999995,1.6946031746031807,-3.901428571428582,-8.529523809523816,-3.291587301587306,9.414018644494853,3.3935912698412736,-0.5178042328042309,3.6531409045099537,-2.0474713010204226,-6.30183248299322,-1.5457231434240342,-11.40459750566896,-5.552955876795174,-1.087759156903516,2010,1
13,Brazil-North Korea,12.166666666666664,8.166666666666657,13.749999999999993,17.833333333333336,4.1944444444444215,17.013055555555553,14.432685185185171,18.216388888888886,21.319722222222225,10.839259259259237,11.71009259259258,15.632499999999986,18.726759259259246,8.314382716049359,19.44479166666666,22.61277777777778,11.901412037037012,25.947500000000012,14.640648148148124,5.451612654320961,2010,2
14,Honduras-Chile,2.0,-4.62222222222222,-3.433333333333337,-4.24444444444444,1.8071428571428498,2.9199999999999946,-1.8937777777777782,-0.9556666666666658,-1.6742222222222196,2.61847619047618,-6.8429432098765375,-6.12519259259259,-6.433367901234568,-1.6650513227513315,-5.323955555555557,-5.735774074074072,-0.8292615079365149,-6.045032098765432,-1.4704359788359866,2.3479518707482896,2010,0
15,Spain-Switzerland,-3.0,6.863636363636374,4.25,11.666666666666657,1.8333333333333428,-4.409999999999997,2.75772727272728,0.7575000000000003,6.130000000000003,-0.6024999999999991,10.464965564738307,8.653674242424252,14.487929292929287,5.859002525252549,6.704374999999999,12.665833333333325,4.208541666666669,19.01666666666666,9.077500000000008,2.383333333333347,2010,0
16,South Africa-Uruguay,-9.0,-12.666666666666671,-7.590811965811966,-6.717948717948715,-1.8582621082621102,-13.769999999999996,-16.11,-12.419134615384621,-11.676923076923082,-7.212115384615387,-18.071111111111122,-14.720787037037034,-13.993333333333332,-9.475216049382716,-11.153708783055734,-10.449618671926366,-6.249118901733759,-9.759973701512159,-5.672147709840019,-2.3911889158773008,2010,0
17,Argentina-South Korea,14.444444444444443,12.148148148148152,11.194444444444443,9.201058201058203,1.531746031746053,21.02469135802469,19.952674897119344,18.42469135802469,16.899529688418575,10.485890652557337,18.690150891632378,17.25517489711934,15.659155398785032,9.059661963550866,15.93031635802469,14.454291593180486,8.352497795414472,12.998807144256887,7.051357184849266,1.9875012597631994,2010,2
18,Greece-Nigeria,1.0,4.0,10.791666666666657,7.861111111111114,0.8888888888888928,1.4699999999999989,3.6566666666666734,8.58541666666666,6.49527777777778,1.2880555555555588,5.733333333333327,10.348194444444438,8.50324074074075,3.175925925925931,14.105607638888877,12.879085648148141,7.4306365740740645,11.278510802469143,5.627276234567908,1.1283950617283978,2010,2
19,France-Mexico,17.0,-0.6140350877193015,9.28947368421052,4.0,0.6929824561403422,27.03,12.069473684210529,19.799605263157893,16.156666666666673,11.745570175438587,-0.9071560480147767,6.413580332409964,2.4860233918128642,0.10754770698675742,13.567520775623258,10.012017543859649,6.623259464450591,6.106666666666676,3.1630116959064267,0.9126700523237687,2010,0
20,Germany-Serbia,15.0,-2.3333333333333286,13.25,5.333333333333343,4.225396825396842,24.449999999999996,8.723333333333336,22.7425,15.896666666666675,13.65060317460319,-3.30555555555555,7.527499999999996,1.9811111111111188,1.405248677248693,21.100625,14.449166666666677,12.38057142857145,8.213333333333352,6.882677248677261,5.750429730410708,2010,0
21,Slovenia-United States,15.0,4.136363636363626,0.0,-0.7017543859649038,0.390350877192958,24.15,14.23999999999998,11.100000000000001,10.53771929824562,10.159956140350857,6.017155647382907,3.0609090909090853,2.5512147793726783,2.998954013822413,0.0,-0.5192982456140243,0.2888596491227915,-1.0388427208371738,-0.17169052016005537,0.512438250230808,2010,1
22,England-Algeria,-11.0,6.883333333333326,3.1624999999999943,-0.3333333333333286,0.961574074074079,-16.61,-2.82116666666667,-5.715875000000011,-8.153333333333329,-6.461773148148154,10.034752777777769,7.376064583333324,4.701555555555551,5.1987036265432,4.659548437499986,2.0261666666666684,2.774861053240734,-0.47888888888888204,0.47291975308642975,1.2566482145919196,2010,1
23,Netherlands-Japan,13.692307692307693,7.897435897435884,9.721153846153847,3.711538461538453,8.897435897435898,18.937514792899407,15.920197238658766,15.898372781065092,12.387830374753449,14.69481262327416,12.064852071005895,12.71788708086784,8.499682774490445,11.723057199211034,13.029150332840238,9.460012943786978,12.02706977317554,5.32439225838263,8.697343030900718,11.101262327416165,2010,2
24,Ghana-Australia,1.0,1.287878787878796,13.0,-0.3333333333333286,1.2896825396825378,1.4300000000000068,1.604393939393951,10.035000000000004,0.480000000000004,1.562738095238089,1.760686409550054,9.839318181818193,0.6972727272727326,1.7066107503607455,19.239999999999995,9.091666666666669,9.282361111111108,-0.47888888888888204,0.7128835978836037,1.6523801650289727,2010,1
25,Cameroon-Denmark,1.0,8.311111111111103,-1.2999999999999972,6.0,5.879292929292923,1.4699999999999989,6.826888888888881,-0.21699999999999875,5.149999999999999,4.963328282828279,11.938449382716037,5.2040666666666695,10.459555555555546,9.558770931537595,-1.9200999999999908,3.469000000000001,3.507195454545453,8.880000000000003,8.202964646464643,7.549576295786132,2010,0
26,Slovakia-Paraguay,8.0,-2.8148148148148096,3.25,-1.3333333333333286,-1.48737373737373,12.96,3.3259259259259295,8.502499999999998,4.893333333333338,4.06351010101011,-3.9449108367626806,0.21203703703703525,-3.036049382716037,-2.8959184436962104,4.769374999999997,1.4483333333333377,1.0488794191919268,-1.9911111111111026,-1.9886195286195232,-1.9589763799612143,2010,0
27,Italy-New Zealand,23.0,5.333333333333329,6.25,10.0,7.083333333333336,35.19,21.023333333333333,21.3125,25.82,20.11,7.857777777777777,8.4375,11.580000000000005,8.62472222222221,8.984375,12.125,9.083333333333329,15.800000000000004,11.983333333333334,9.048958333333339,2010,1
28,Brazil-Ivory Coast,4.0,-1.8888888888889,7.529761904761912,7.309523809523824,0.1369047619047592,5.919999999999995,1.6711111111111023,8.52476190476191,8.529523809523816,2.781904761904755,-2.898395061728415,4.382652116402113,4.134470899470898,-1.160800264550268,11.116707412131525,11.269888038548771,5.147121952947842,11.40459750566896,5.005270691609979,0.1834931264172397,2010,2
29,Portugal-North Korea,12.166666666666664,3.7380952380952266,7.666666666666664,17.833333333333336,4.865079365079346,17.013055555555553,11.066970899470888,13.593055555555559,21.319722222222225,11.348941798941787,5.194469009826143,7.8562566137565994,15.11009259259258,5.822042076089673,10.375555555555557,17.644722222222228,8.300013227513205,25.947500000000012,15.188333333333318,6.355878684807237,2010,2
30,Chile-Switzerland,-3.0,3.530303030303031,2.5,-2.333333333333343,-0.023809523809518396,-4.409999999999997,0.35772727272728133,-0.5024999999999977,-3.950000000000003,-1.9396428571428501,5.264965564738297,4.6178409090909085,0.8901515151515085,2.2441612554112638,3.8999999999999986,0.04249999999998977,1.5832142857142912,-3.476666666666681,-1.5127380952380918,-0.03051020408162941,2010,2
31,Spain-Honduras,-2.0,7.955555555555563,5.183333333333337,18.24444444444444,0.05000000000001137,-2.9199999999999946,4.293777777777777,2.215666666666664,11.754222222222225,-1.281333333333329,12.042943209876547,10.161025925925934,20.031145679012347,5.279892592592617,8.128330555555557,18.359107407407407,3.4545888888888925,28.53836543209877,12.060674074074086,0.06589166666668689,2010,2
32,Mexico-Uruguay,-10.0,-3.4912280701754383,-8.882309941520461,-1.6666666666666714,0.2358674463937689,-15.200000000000003,-10.24543859649122,-14.032828947368415,-8.783333333333339,-6.359385964912271,-5.301154201292711,-9.28595093362059,-3.8895906432748575,-2.1037171266372496,-12.936681868993865,-7.890248538011704,-5.6360622249865955,-2.505555555555567,-0.912480506822611,0.30845071038004335,2010,0
33,France-South Africa,16.0,8.561403508771932,7.997975708502025,9.051282051282044,2.7871120107962213,25.599999999999994,17.93403508771931,18.1859109311741,19.050256410256416,12.598299595141704,11.862800861803635,11.848416435826408,12.589766081871339,7.479046629732224,11.784547689685127,12.571387677774311,7.236316141197754,13.361084812623268,7.922678898923834,3.612309678581113,2010,0
34,Nigeria-South Korea,7.444444444444443,-1.1851851851851762,-5.597222222222214,1.768518518518519,-1.0833333333333286,10.314691358024689,4.409341563786008,0.7942746913580265,6.207109053497945,3.981882716049384,-1.6654046639231694,-4.676352880658428,0.44940672153636285,-1.5145576131687193,-7.025291280864188,-2.635865483539085,-4.237989969135796,2.367031035665299,0.3992566872428043,-1.3773379629629545,2010,1
35,Greece-Argentina,-6.0,-9.333333333333329,-6.0,0.4285714285714306,-1.7261904761904887,-9.240000000000002,-11.886666666666663,-9.045000000000002,-4.19714285714285,-5.215952380952395,-14.62222222222222,-11.583333333333329,-6.7065079365079185,-7.398293650793654,-8.850000000000001,-4.2110714285714295,-5.159851190476203,0.6467346938775549,-1.0248242630385533,-2.236444160997756,2010,0
36,Slovenia-England,18.0,-1.5303030303030312,-1.25,2.0,0.009259259259252417,28.439999999999998,12.393333333333324,12.445000000000007,14.659999999999997,11.856481481481481,-2.312844352617084,-2.0865909090909085,0.3993434343434359,-1.000381593714927,-1.8656250000000014,0.5841666666666754,-0.8159490740740765,2.906666666666659,1.323302469135804,0.012190500685861139,2010,0
37,United States-Algeria,-8.0,1.2166666666666686,1.9124999999999943,2.368421052631575,0.5804824561403734,-12.32,-4.667833333333327,-4.370875000000005,-4.031052631578952,-4.765247807017531,1.7047527777777773,2.2285645833333305,2.5496842105263084,1.1993680190058598,2.793923437499984,3.129631578947368,1.670052330043866,3.466620498614951,1.967912742382289,0.7564004650469727,2010,2
38,Ghana-Germany,-17.0,-0.6666666666666714,-5.75,-8.0,-5.452380952380963,-27.36999999999999,-12.323333333333338,-18.802500000000002,-19.303333333333335,-15.85269841269843,-0.924444444444454,-4.542499999999997,-6.051111111111119,-4.229867724867738,-9.588125000000005,-11.020833333333336,-8.423293650793667,-12.106666666666662,-9.5202380952381,-7.353357898715053,2010,0
39,Australia-Serbia,-3.0,-4.287878787878796,-5.5,-2.3333333333333286,-2.5166666666666586,-4.350000000000001,-5.2043939393939525,-6.095000000000006,-3.886666666666663,-3.7648333333333284,-5.990686409550058,-6.8543181818181935,-4.767272727272733,-4.53122979797979,-7.727499999999999,-5.663333333333327,-5.325083333333325,-3.4144444444444275,-3.3504444444444417,-3.2553083333333177,2010,2
40,Slovakia-Italy,-3.0,-7.666666666666657,0.0,-10.0,-2.306818181818187,-5.189999999999998,-8.806666666666665,-2.25,-11.020000000000003,-3.9832954545454555,-11.11666666666666,-5.75,-13.306666666666665,-6.752626262626251,0.0,-7.5,-1.7301136363636402,-15.800000000000004,-8.448712121212125,-3.057145747245187,2010,2
41,Paraguay-New Zealand,12.0,0.48148148148148096,3.0,1.3333333333333286,6.263888888888879,17.04,8.890740740740739,10.560000000000002,9.90666666666666,12.063194444444434,0.6860219478737974,2.4754629629629648,1.3093827160493774,4.76801440329217,4.215000000000003,3.1766666666666623,6.3043402777777615,1.9911111111111026,5.523240740740732,7.950788966049366,2010,1
42,Denmark-Japan,10.692307692307693,-4.769230769230774,12.346153846153847,1.1282051282051242,3.329254079254092,14.467514792899408,4.263530571992106,15.65837278106509,8.294497041420115,8.62503989600144,-6.681814595660754,5.38997041420118,-2.568928336620651,-0.5103013866475337,16.871494082840236,9.466992110453653,9.633149318630089,1.589322813938196,3.0174061622138595,3.968505784716463,2010,0
43,Cameroon-Netherlands,-2.0,-4.355555555555554,1.3250000000000028,3.4166666666666714,0.3111111111111171,-3.0,-4.829777777777778,-0.45700000000000074,1.0566666666666649,-1.106444444444442,-6.808217283950611,-2.1238499999999902,-0.6090555555555497,-2.6745876543209732,1.922243750000007,3.4759791666666757,1.1132750000000016,5.144930555555568,2.5230277777777843,0.41681975308642905,2010,0
44,Portugal-Brazil,0.0,-4.428571428571431,-6.083333333333329,0.0,0.6706349206349245,0.0,-3.365714285714283,-4.623333333333328,0.0,0.5096825396825508,-6.5156235827664375,-7.776243386243387,-3.616666666666667,-2.4923406399596857,-9.069236111111103,-4.9680555555555515,-3.6013988095238076,0.0,0.5476851851851947,0.9042660304862764,2010,1
45,North Korea-Ivory Coast,-8.166666666666664,-10.055555555555557,-6.220238095238081,-10.523809523809511,-4.057539682539662,-11.093055555555559,-12.761574074074069,-9.691626984126977,-12.790198412698409,-8.057354497354481,-14.608487654320996,-11.249847883597873,-14.592288359788348,-9.475182980599627,-8.328084254535135,-11.342889739229008,-6.75429008408917,-14.542902494331052,-9.635377456538144,-5.268119527903721,2010,0
46,Chile-Spain,0.0,-3.333333333333343,-1.75,-14.0,-1.8571428571428612,0.0,-2.3999999999999986,-1.259999999999998,-10.080000000000005,-1.337142857142851,-5.20000000000001,-4.035833333333343,-13.597777777777779,-3.6148412698412855,-2.8043750000000003,-12.623333333333335,-2.6253273809523776,-22.49333333333334,-10.5902380952381,-2.4138435374149765,2010,0
47,Switzerland-Honduras,1.0,1.0919191919191888,0.9333333333333371,6.577777777777783,-1.7833333333333314,1.490000000000002,1.536050505050497,1.4581666666666635,5.6242222222222225,-0.6788333333333298,1.5779776451382403,1.5073516835016818,5.54321638608306,-0.5791099326599323,1.4239555555555583,5.693274074074083,-0.7539527777777764,9.521698765432113,2.9831740740740784,-2.31744166666666,2010,1
48,Uruguay-South Korea,15.444444444444443,6.814814814814824,11.708333333333329,9.962962962962962,1.157407407407419,22.63469135802469,16.462674897119335,19.60844135802469,18.269053497942387,10.83910493827161,10.1212620027435,13.560961934156374,12.23820301783266,5.267973251028813,16.721776620370363,15.429609053497941,8.400600565843625,14.151097393689987,7.266995884773678,1.4974494170096122,2010,2
49,United States-Ghana,1.0,1.6666666666666714,-6.5,2.701754385964904,0.7366332497911685,1.4499999999999957,1.9066666666666734,-3.9399999999999977,2.688947368421047,1.1848057644110526,2.327777777777783,-3.251666666666665,3.1036842105263105,1.5989933166249202,-10.042499999999997,-2.659035087719303,-3.6608040935672364,3.945509387503833,2.2960291444986822,0.9587232514068802,2010,0
50,Germany-England,19.0,-6.666666666666657,11.0,8.0,4.334656084656089,30.209999999999994,8.570000000000007,24.087500000000006,20.736666666666665,16.364417989418,-9.73333333333332,2.6466666666666683,0.7955555555555662,-1.3684611992945221,17.765,14.783333333333339,10.979289021164035,12.106666666666662,8.719201940035276,5.894386897763226,2010,2
51,Argentina-Mexico,9.0,8.824561403508767,8.368421052631575,0.9047619047619122,0.13847117794486508,13.590000000000003,13.735438596491228,12.849078947368412,7.413809523809526,6.0061716791979975,13.87004309018159,12.980163896583555,7.310543024227229,5.895405839159302,12.145221606648192,6.9149310776942485,5.587959454557442,1.3532653061224664,0.696841806898199,0.1816011323735438,2010,2
52,Netherlands-Slovakia,-9.0,11.666666666666657,-3.125,-0.4166666666666714,1.7234848484848442,-14.490000000000002,2.6866666666666603,-9.125,-6.976666666666667,-4.550037878787883,17.38333333333332,6.239583333333329,8.298611111111093,8.9806818181818,-4.58984375,-2.6119791666666714,-0.7959280303030312,-0.6149305555555671,0.996906565656559,2.2740207472451672,2010,2
53,Brazil-Chile,4.0,-0.5555555555555571,-1.6666666666666714,8.333333333333343,3.0238095238095184,5.919999999999995,2.631111111111103,1.9033333333333289,9.266666666666673,4.860476190476177,-0.8450617283950663,-1.703240740740739,5.907407407407405,1.935489417989416,-2.6138888888888943,5.243055555555564,1.2783134920634822,12.916666666666686,7.807738095238086,3.9655102040816317,2010,2
54,Paraguay-Japan,14.692307692307693,-0.954415954415964,9.596153846153847,5.461538461538453,8.661324786324784,20.467514792899408,9.907604646066176,16.520872781065094,14.471163708086777,15.181340401051933,-1.3735704255647434,6.266266710497476,3.237121046095389,5.638293824725444,12.849619082840242,10.623658777120312,11.774118384286645,7.9304339250493,9.689055993863683,10.786217960132213,2010,1
55,Spain-Portugal,-4.0,8.31746031746033,9.5,5.666666666666657,-1.8373015873015817,-5.919999999999995,3.1346031746031784,3.979999999999997,0.8133333333333326,-4.033015873015877,12.560685311161514,13.515317460317469,11.307037037037041,4.171692491811555,14.487499999999997,12.348333333333322,4.948412698412703,9.576666666666654,2.2348148148148184,-2.4559326971529316,2010,2
56,Netherlands-Brazil,0.0,4.555555555555557,-5.708333333333329,-8.083333333333343,-0.25,0.0,3.4622222222222234,-4.338333333333331,-6.143333333333338,-0.18999999999999773,7.111728395061725,-1.05134259259259,-2.7732407407407464,2.855185185185178,-8.531579861111105,-10.471701388888896,-4.009027777777774,-12.549375000000026,-5.606527777777778,-0.3347916666666748,2010,2
57,Uruguay-Ghana,9.0,8.666666666666671,-3.2361111111111143,4.333333333333329,0.562169312169317,13.769999999999996,13.229999999999997,4.623750000000001,9.96,6.27892857142858,12.711111111111123,4.463287037037034,9.576666666666668,6.044501763668443,-5.105414737654321,1.0288888888888863,-1.659615483539092,6.398888888888877,3.231190476190477,0.7306788198818595,2010,1
58,Argentina-Germany,-9.0,13.333333333333329,-9.5,-4.428571428571431,-4.515873015873012,-15.209999999999994,4.396666666666668,-15.362500000000004,-10.712857142857146,-9.926984126984124,20.355555555555547,3.615000000000002,6.9465079365079205,5.606322751322757,-15.485,-10.967261904761905,-10.131011904761912,-6.860068027210886,-6.504686318972034,-6.132627236079607,2010,0
59,Paraguay-Spain,5.0,-8.18518518518519,-9.25,-12.0,0.6805555555555429,7.449999999999996,-2.319259259259262,-3.072499999999998,-4.873333333333342,3.819861111111102,-12.37175582990399,-13.242037037037036,-15.726172839506177,-4.908930041152281,-14.129374999999996,-16.688333333333333,-5.608993055555565,-19.52000000000001,-7.397314814814827,0.9018306327160275,2010,0
60,Uruguay-Netherlands,5.0,-2.666666666666657,5.388888888888886,2.4166666666666714,-1.5648148148148096,7.850000000000001,1.8566666666666691,7.958750000000002,5.63666666666667,2.0741666666666703,-4.21333333333331,2.268703703703707,-0.0852777777777618,-2.9975617283950484,8.036929012345674,5.832534722222228,2.3925372942386858,3.614930555555567,0.425879629629641,-2.0671493484224897,2010,0
61,Germany-Spain,17.0,-10.0,5.25,-7.666666666666657,4.242063492063494,27.36999999999999,4.643333333333338,18.442500000000003,8.023333333333333,14.98126984126985,-14.93333333333333,-4.442500000000003,-14.074444444444431,-3.6363624338624447,8.780625,-2.027499999999989,7.119404761904775,-12.803333333333327,-1.674100529100528,5.772404730410685,2010,0
62,Uruguay-Germany,-8.0,8.0,-8.986111111111114,-3.6666666666666714,-4.890211640211646,-13.599999999999994,0.9066666666666592,-14.17875,-9.343333333333334,-9.57376984126985,11.786666666666669,-0.07921296296296276,3.525555555555549,1.8146340388007047,-14.693539737654326,-9.99194444444445,-10.082909134332759,-5.707777777777785,-6.289047619047622,-6.622679078833194,2010,0
63,Netherlands-Spain,4.0,0.6666666666666572,-9.125,-13.75,0.9166666666666572,5.919999999999995,3.693333333333328,-3.6950000000000003,-6.9566666666666706,3.3333333333333286,1.0666666666666487,-6.7904166666666725,-10.46361111111112,1.1758333333333084,-13.94984375,-17.851979166666666,-5.35604166666667,-22.12604166666668,-8.389027777777791,1.2168749999999804,2010,0
0,Brazil-Croatia,-9.0,4.333333333333329,-3.5,3.6666666666666714,-3.306818181818187,-13.949999999999996,-3.9466666666666725,-10.340000000000003,-4.643333333333331,-8.871136363636374,7.034444444444432,0.8316666666666634,6.579999999999998,0.35332070707069363,-5.9325000000000045,0.19666666666667254,-5.255776515151517,6.098888888888894,-0.1801010101010121,-4.635683109504143,2014,2
1,Mexico-Cameroon,-0.1176470588235361,1.294117647058826,6.911764705882348,-3.3333333333333286,1.2401960784313815,-0.16249134948098032,0.8042675893886937,4.6846020761245555,-2.3894117647058906,0.7793512110726653,1.9675663206459149,6.228690888119942,-1.5720261437908363,1.791041906958867,10.408304498269892,2.6279411764705856,5.464219290657439,-4.955555555555549,-1.263006535947703,1.6258119473279677,2014,2
2,Spain-Netherlands,15.0,-2.3333333333333286,7.25,7.666666666666657,-2.950757575757578,25.050000000000004,10.17666666666667,18.184999999999995,19.076666666666654,8.082424242424239,-3.7722222222222115,3.9733333333333434,4.225555555555545,-4.025732323232326,11.726875000000007,12.326666666666668,2.7109564393939323,12.95666666666665,2.8969444444444434,-4.14927929866851,2014,0
3,Chile-Australia,-7.0,4.666666666666671,3.25,4.0,-2.6666666666666643,-10.71,-1.4466666666666583,-2.842500000000001,-2.049999999999997,-6.555,6.688888888888897,5.881666666666668,6.2733333333333405,1.0988888888889008,4.9481250000000045,5.417499999999997,0.0662500000000037,5.840000000000003,0.63333333333334,-3.4399999999999977,2014,2
4,Colombia-Greece,1.0,8.0,-3.0,-1.6666666666666714,-3.7817460317460316,1.5699999999999932,6.99666666666667,-1.6199999999999974,-0.5499999999999972,-2.313412698412698,11.466666666666669,3.729999999999997,4.87222222222222,2.5318121693121682,-4.409999999999997,-3.5,-4.745357142857138,-2.5277777777777857,-3.9599206349206497,-4.95603820231797,2014,2
5,Uruguay-Costa Rica,12.0,14.533333333333331,3.5357142857142776,6.0,-0.13809523809523228,18.0,19.908,11.683928571428567,13.739999999999995,7.506142857142862,21.81937777777778,13.59307142857142,15.694666666666663,9.112546031746035,5.322512755102025,7.238571428571419,2.138206632653059,9.240000000000002,3.698523809523813,-0.17514421768706967,2014,0
6,England-Italy,-9.0,-11.666666666666671,-0.25,-6.666666666666657,-0.2765151515151416,-15.030000000000001,-16.92666666666667,-7.644999999999996,-13.036666666666662,-6.945946969696962,-18.627777777777787,-9.83916666666667,-15.005555555555553,-8.925454545454542,-0.41312499999999375,-5.715833333333336,-0.41499999999999204,-11.066666666666649,-5.203623737373725,-0.4126255452249623,2014,0
7,Ivory Coast-Japan,23.0,15.333333333333329,9.09375,2.4583333333333286,8.572916666666671,34.269999999999996,27.676666666666662,22.195625,19.057500000000005,21.287708333333335,21.67111111111111,16.70677083333333,13.221250000000005,15.992118055555558,12.194150390624998,8.45907552083333,11.639391276041671,3.6823784722222186,8.013424479166659,11.10817816840278,2014,2
8,Switzerland-Ecuador,8.0,2.2592592592592524,5.5,4.397306397306394,4.296296296296305,12.800000000000004,7.797037037037036,10.5,9.465589225589227,9.145185185185191,3.38303155006858,5.840555555555547,4.971966579373984,4.828676268861457,8.387499999999996,7.4420202020201955,7.200277777777778,6.538513303631142,6.33171841875545,6.130973936899871,2014,2
9,France-Honduras,16.0,18.333333333333343,6.25,14.600000000000009,10.966666666666661,25.599999999999994,26.906666666666673,17.739999999999995,23.792000000000016,19.78933333333333,28.05000000000001,19.37916666666667,25.04733333333334,21.011999999999993,9.953124999999993,16.35650000000001,13.035333333333327,22.104400000000012,18.35386666666666,15.101099999999981,2014,2
10,Argentina-Bosnia and Herzegovina,2.0,3.3333333333333286,0.5,0.26406926406927766,2.202380952380963,3.1599999999999966,4.299999999999997,1.9950000000000045,1.748831168831181,3.1685714285714326,5.555555555555543,3.083333333333343,2.7870851370851497,4.216468253968259,0.8000000000000043,0.5963095238095377,2.1190773809523833,0.4067238245160496,1.8847083075654751,3.146520691609993,2014,2
11,Germany-Portugal,6.0,6.301587301587304,7.25,5.333333333333329,6.25,10.319999999999993,10.03031746031747,11.147499999999994,9.52666666666667,9.682500000000005,9.685439657344425,10.730992063492074,9.286931216931215,9.327089947089952,11.871875000000003,10.335833333333326,10.322083333333325,8.782222222222217,8.974722222222212,8.973958333333336,2014,2
12,Iran-Nigeria,7.0,0.022222222222211485,-5.633333333333326,-2.4888888888888943,-2.816666666666663,10.71,5.149555555555537,0.7608333333333448,3.0706666666666607,2.5335000000000036,0.03258765432097732,-4.1143888888888895,-1.8091160493827303,-2.0503592592592668,-8.160822222222215,-5.806207407407406,-5.813130555555546,-3.537540740740738,-3.6686444444444533,-3.7729249999999936,2014,1
13,Ghana-United States,-5.0,7.333333333333329,2.75,-6.0,-0.7613636363636402,-7.049999999999997,1.5033333333333303,-1.8300000000000054,-7.963333333333331,-3.9557954545454592,10.755555555555546,7.544166666666655,1.0755555555555532,4.45624999999999,4.145625000000003,-2.4691666666666663,1.3065909090909074,-8.96,-4.671325757575758,-1.0412512913223182,2014,0
14,Belgium-Algeria,16.150000000000006,4.666666666666671,4.797619047619051,8.333333333333329,5.957539682539675,26.138774999999995,16.104333333333336,17.472505952380956,20.013666666666666,16.334006150793655,7.124444444444457,7.589126984126985,10.195555555555558,7.874320105820104,8.074278628117924,10.954444444444448,8.433282360166281,13.694444444444429,10.835703703703686,8.49391492031998,2014,2
15,Brazil-Mexico,4.0,6.666666666666657,4.25,12.333333333333329,2.2727272727272663,5.68,7.93333333333333,6.252500000000005,11.909999999999997,4.305757575757568,10.666666666666643,8.791666666666657,15.122222222222206,6.305050505050495,6.874375000000001,13.324999999999996,4.698446969696967,19.44555555555555,10.092373737373727,3.059228650137726,2014,1
16,Russia-South Korea,14.700000000000003,7.161904761904751,9.667857142857144,7.423809523809524,10.086904761904783,21.359100000000005,16.0342238095238,17.50611071428571,15.851747619047629,17.35624880952382,10.553919274376405,12.230446768707473,10.565287755102041,12.317868083900237,13.788090688775519,12.172059013605441,13.788126232993221,10.563373922902507,12.240760374149673,13.76226064342407,2014,1
17,Australia-Netherlands,4.0,-12.666666666666671,-2.75,-9.666666666666671,-5.950757575757578,6.240000000000002,-6.853333333333339,0.8900000000000006,-4.506666666666675,-1.8892424242424326,-19.168888888888894,-11.69166666666667,-16.920000000000016,-13.21851010101011,-4.173124999999999,-9.419999999999995,-6.4073768939394,-14.661111111111126,-11.164166666666674,-8.18927929866851,2014,0
18,Spain-Chile,18.0,5.666666666666671,6.75,13.333333333333329,5.666666666666664,29.520000000000003,18.476666666666667,20.137499999999996,25.633333333333326,16.52666666666667,8.707777777777785,9.783333333333346,14.87222222222222,8.093888888888884,10.951875000000001,16.329166666666666,9.052083333333329,21.77777777777777,13.427777777777777,7.479999999999997,2014,0
19,Cameroon-Croatia,-12.882352941176464,-3.6274509803921546,-14.661764705882348,-5.333333333333329,-6.819741532976835,-19.467508650519015,-12.684267589388696,-21.277102076124564,-14.163921568627437,-13.956245150466607,-5.599788542868126,-14.188690888119936,-6.970196078431371,-7.742771704938669,-23.215179498269897,-15.756274509803909,-15.418442775505923,-8.391111111111108,-9.009468211527036,-9.320723706969837,2014,0
20,Colombia-Ivory Coast,-7.0,-2.666666666666657,0.40625,-1.125,-5.437996031746032,-11.549999999999997,-7.589999999999989,-4.690624999999997,-6.217500000000001,-9.131121031746034,-4.106666666666655,-1.6017708333333331,-2.8812500000000014,-5.956694775132277,0.5833496093750057,-0.500742187500002,-3.634748418898809,-1.7001562499999991,-4.855567336309527,-7.216646926276297,2014,2
21,Uruguay-England,2.0,8.333333333333329,-5.464285714285722,0.3333333333333286,-11.128246753246763,3.200000000000003,8.229999999999997,-2.776071428571427,1.8633333333333297,-7.5244101731601845,13.027777777777779,2.3760714285714215,6.91333333333332,-2.9561327561327744,-8.717487244897974,-4.096428571428575,-12.642168367346954,0.5322222222222166,-8.654352453102462,-15.336807561351002,2014,2
22,Japan-Greece,-15.0,-4.666666666666671,-12.5,-3.0,-6.916666666666671,-21.150000000000006,-13.090000000000003,-19.125,-13.39,-14.469999999999999,-6.097777777777786,-11.375,-5.467777777777783,-7.503611111111113,-17.1875,-11.458333333333329,-12.75,-4.510000000000005,-7.117777777777782,-8.847569444444453,2014,1
23,Italy-Costa Rica,19.0,17.866666666666674,9.25,12.333333333333329,11.266666666666673,29.83,28.604666666666674,22.10499999999999,24.913333333333327,21.97650000000001,27.41937777777779,21.05616666666667,23.786888888888896,20.99413333333335,14.453124999999993,17.05083333333333,15.195375000000006,19.774444444444434,17.5565,15.574288888888894,2014,0
24,Switzerland-France,-4.0,-9.666666666666671,-3.75,-6.454545454545453,-0.8333333333333286,-6.8799999999999955,-11.546666666666667,-6.459999999999994,-8.74181818181819,-3.673333333333325,-15.627777777777787,-10.849166666666669,-12.92878787878788,-7.8188888888888854,-6.065624999999997,-8.211590909090916,-3.445833333333333,-10.297933884297521,-5.43575757575757,-1.23194444444443,2014,0
25,Honduras-Ecuador,-4.0,-6.407407407407419,3.0,-3.748148148148161,-5.837037037037028,-5.919999999999995,-7.56296296296297,-0.7800000000000011,-5.5845925925926,-6.9708148148148155,-9.039190672153644,-2.6894444444444545,-7.146578875171478,-8.36443484224965,4.5,-0.7028888888889,-2.389222222222216,-5.26795281207135,-6.586390672153641,-7.73818161865568,2014,0
26,Argentina-Iran,0.0,11.666666666666671,10.633333333333326,7.32063492063493,6.969047619047615,0.0,9.333333333333343,8.50666666666666,5.8565079365079455,5.575238095238092,18.47222222222223,17.16027777777778,14.368465608465627,13.57313492063492,15.935822222222221,13.29923915343916,12.564582936507918,10.758776921138832,10.176018745275897,9.624420691609977,2014,2
27,Germany-Ghana,21.0,3.0,8.75,13.333333333333329,6.916666666666671,32.96999999999999,18.840000000000003,23.905,26.916666666666664,20.435833333333342,4.710000000000001,9.302500000000009,12.816666666666663,7.573333333333338,14.196875000000006,17.670833333333327,11.863749999999996,20.88888888888888,14.945833333333326,9.885069444444447,2014,1
28,Nigeria-Bosnia and Herzegovina,-5.0,-8.355555555555554,-4.5,-4.567676767676758,-1.9499999999999886,-7.550000000000004,-10.182888888888883,-7.272500000000001,-7.178343434343425,-4.940166666666663,-12.949254320987663,-9.962555555555547,-9.772264421997747,-7.306307407407395,-6.975000000000001,-6.896722222222216,-4.632374999999989,-6.814512355882044,-4.622665993265969,-2.7049749999999904,2014,2
29,Belgium-Russia,9.0,1.4047619047619122,10.404761904761912,11.476190476190467,1.0039682539682389,15.209999999999994,8.203809523809525,16.113095238095248,16.950952380952366,7.48710317460317,2.190425170068039,9.254705215419506,10.079501133786842,1.8189436885865362,16.92755668934241,17.72107709750567,8.491637377173078,18.49852607709748,9.274434996220684,1.4811320546737008,2014,2
30,South Korea-Algeria,-7.549999999999997,-3.8999999999999915,-15.275000000000006,-10.566666666666663,-5.133333333333347,-10.430325000000003,-8.13369999999999,-16.146700000000003,-12.789033333333329,-8.509345833333334,-5.619899999999987,-13.896024999999995,-10.449233333333325,-6.262491666666669,-22.641368750000005,-18.938691666666664,-13.846481250000018,-15.367455555555559,-10.67949166666667,-6.749477777777791,2014,0
31,United States-Portugal,-10.0,-4.0317460317460245,-4.25,-2.0,0.09469696969696884,-15.600000000000001,-10.313015873015864,-10.927500000000002,-9.426666666666662,-6.797537878787878,-5.780115898211122,-6.11567460317459,-4.605291005291001,-2.7024933862433755,-6.470625000000005,-4.865833333333335,-2.8482575757575788,-3.146666666666661,-1.2997853535353556,0.13014018021120677,2014,1
32,Australia-Spain,-11.0,-10.333333333333343,-10.0,-17.33333333333333,-3.0,-18.810000000000002,-17.03000000000001,-17.294999999999995,-23.58333333333333,-9.971666666666671,-15.396666666666682,-15.665000000000013,-21.14555555555556,-9.192777777777785,-15.900000000000006,-21.746666666666663,-9.118333333333332,-27.617777777777775,-14.061111111111117,-4.039999999999999,2014,0
33,Netherlands-Chile,3.0,8.0,-0.5,5.666666666666671,8.617424242424242,4.469999999999999,8.299999999999997,1.9525000000000006,6.556666666666672,8.444242424242432,12.479999999999997,5.810000000000002,10.646666666666675,12.11962121212121,-0.7750000000000057,4.002499999999998,6.341126893939396,8.821111111111122,10.530833333333334,11.629279298668507,2014,2
34,Cameroon-Brazil,-3.882352941176464,-7.960784313725483,-11.161764705882348,-9.0,-3.5129233511586477,-5.517508650519019,-8.737600922722024,-10.93710207612456,-9.520588235294106,-5.085108786830233,-12.634232987312558,-15.0203575547866,-13.55019607843137,-8.096092412009362,-17.282679498269893,-15.952941176470581,-10.162666260354406,-14.490000000000002,-8.829367201426024,-4.685040597465694,2014,0
35,Croatia-Mexico,13.0,2.3333333333333286,7.75,8.666666666666657,5.579545454545453,19.629999999999995,11.880000000000003,16.59250000000001,16.553333333333327,13.176893939393942,3.632222222222211,7.959999999999994,8.542222222222208,5.951729797979802,12.806875000000005,13.128333333333323,9.954223484848484,13.346666666666657,10.272474747474739,7.694911759641869,2014,0
36,Italy-Uruguay,7.0,3.333333333333343,5.714285714285722,6.333333333333329,11.404761904761905,11.829999999999998,8.696666666666673,10.421071428571423,11.173333333333332,14.470357142857146,5.6000000000000085,7.463095238095249,8.092222222222233,11.881587301587317,9.130612244897968,9.812261904761911,13.057168367346947,10.534444444444432,13.857976190476187,15.749433106575964,2014,0
37,Costa Rica-England,-10.0,-6.200000000000003,-9.0,-5.666666666666671,-10.990151515151531,-14.799999999999997,-11.678000000000004,-14.459999999999994,-11.876666666666665,-15.030553030303047,-8.791600000000003,-11.216999999999999,-8.781333333333343,-12.06867878787881,-14.04,-11.334999999999994,-14.780375000000014,-8.707777777777785,-12.352876262626275,-15.161663343663932,2014,1
38,Japan-Colombia,-16.0,-12.666666666666671,-9.5,-1.3333333333333286,-3.1349206349206398,-22.72,-20.086666666666673,-17.505000000000003,-12.840000000000003,-12.156587301587301,-17.564444444444455,-15.104999999999997,-10.340000000000003,-10.03542328042328,-12.777500000000003,-7.958333333333329,-8.004642857142862,-1.9822222222222194,-3.1578571428571323,-3.891531242126483,2014,0
39,Greece-Ivory Coast,-8.0,-10.666666666666657,3.40625,0.5416666666666714,-1.65625,-13.11999999999999,-14.586666666666659,-3.0706249999999997,-5.667500000000004,-6.817708333333336,-15.573333333333323,-5.33177083333333,-7.753472222222221,-8.488506944444445,4.993349609375002,2.999257812499998,1.1106087239583289,0.8276215277777865,-0.8956467013888769,-2.2606087239583275,2014,2
40,Nigeria-Argentina,-7.0,-11.688888888888883,-5.0,-4.831746031746036,-4.152380952380952,-10.71,-14.48288888888888,-9.267500000000005,-8.927174603174606,-8.108738095238095,-18.504809876543206,-13.04588888888889,-12.559349559082897,-11.522775661375654,-7.775000000000006,-7.493031746031754,-6.751452380952372,-7.221236180398094,-6.507374300831444,-5.851495691609983,2014,0
41,Bosnia and Herzegovina-Iran,-2.0,8.333333333333343,10.133333333333326,7.0565656565656525,4.7666666666666515,-3.1599999999999966,5.033333333333346,6.511666666666656,4.1076767676767645,2.406666666666659,12.916666666666686,14.076944444444436,11.581380471380477,9.356666666666662,15.135822222222217,12.702929629629622,10.445505555555535,10.352053096622782,8.291310437710422,6.477899999999984,2014,2
42,Honduras-Switzerland,-12.0,-8.666666666666671,-2.5,-8.145454545454555,-10.133333333333333,-18.72,-15.360000000000007,-11.280000000000001,-15.050181818181827,-16.116000000000007,-12.422222222222224,-8.530000000000001,-12.118545454545462,-13.193111111111108,-3.8874999999999957,-8.144909090909096,-9.589499999999994,-11.806466115702491,-12.918109090909091,-13.869155555555551,2014,0
43,Ecuador-France,-12.0,-11.925925925925924,-9.25,-10.851851851851848,-5.129629629629633,-19.68,-19.343703703703703,-16.959999999999994,-18.207407407407416,-12.818518518518516,-19.010809327846367,-16.689722222222215,-17.900754458161863,-12.647565157750343,-14.453124999999993,-15.653611111111111,-10.64611111111111,-16.836447187928663,-11.76747599451302,-7.362918381344301,2014,1
44,United States-Germany,-16.0,-10.333333333333329,-11.5,-7.333333333333329,-6.155303030303031,-25.919999999999995,-20.343333333333334,-22.074999999999996,-18.953333333333333,-16.480037878787883,-15.465555555555547,-16.846666666666664,-13.892222222222216,-12.029583333333328,-18.34250000000001,-15.20166666666666,-13.170340909090903,-11.928888888888878,-10.274507575757568,-8.843818153122129,2014,0
45,Portugal-Ghana,15.0,-3.301587301587304,1.5,8.0,0.6666666666666714,22.65,8.809682539682534,12.757500000000007,17.389999999999993,10.753333333333337,-4.975439657344424,-1.4284920634920653,3.5297354497354476,-1.7537566137566145,2.325000000000003,7.335000000000001,1.5416666666666714,12.106666666666662,5.971111111111114,0.9111111111111114,2014,2
46,South Korea-Belgium,-23.700000000000003,-8.566666666666663,-20.072619047619057,-18.89999999999999,-11.090873015873022,-36.5691,-24.238033333333327,-33.61920595238096,-32.802699999999994,-24.84335198412699,-12.744344444444444,-21.48515198412698,-20.644788888888883,-14.136811772486773,-30.71564737811793,-29.89313611111111,-22.2797636101663,-29.061899999999987,-21.515195370370357,-15.243392698097772,2014,0
47,Algeria-Russia,-7.150000000000006,-3.261904761904759,5.607142857142861,3.142857142857139,-4.953571428571436,-10.928775000000002,-7.900523809523811,-1.3594107142857084,-3.0627142857143,-8.846902976190485,-4.934019274376418,1.6655782312925211,-0.11605442176871605,-6.055376417233568,8.853278061224486,6.766632653061222,0.05835501700679657,4.804081632653052,-1.561268707483002,-7.01278286564628,2014,1
48,Brazil-Chile,0.0,9.333333333333329,5.25,10.0,5.272727272727273,0.0,6.8133333333333255,3.832500000000003,7.299999999999997,3.8490909090909113,14.68444444444443,11.63166666666666,15.333333333333329,10.289494949494944,8.439374999999998,12.237499999999997,7.692613636363639,16.0,10.798484848484847,6.939228650137736,2014,1
49,Colombia-Uruguay,-2.0,-6.666666666666657,-5.035714285714278,-5.0,0.28968253968254487,-3.200000000000003,-6.913333333333327,-5.518928571428567,-5.549999999999997,-1.0380555555555517,-10.533333333333324,-8.946071428571422,-9.11666666666666,-4.003822751322744,-7.5050127551020225,-7.628571428571419,-2.981313775510195,-7.75,-2.950000000000003,0.3678393487024465,2014,2
50,France-Nigeria,15.0,12.355555555555554,7.5,10.688888888888883,5.949999999999989,24.15,21.86955555555555,17.887499999999996,20.25288888888889,15.49349999999999,19.64258765432099,15.722555555555552,18.09125432098765,13.54630740740739,11.849999999999994,14.268388888888893,10.05237499999999,16.60103209876543,12.247918518518496,8.491641666666645,2014,2
51,Germany-Algeria,16.150000000000006,6.0,3.75,7.0,6.608333333333334,26.138774999999995,17.291000000000004,16.540125000000003,18.827000000000012,16.913212500000014,9.240000000000002,7.905000000000008,10.280000000000001,9.38516666666667,6.2718750000000085,8.909999999999997,8.21168749999999,11.409999999999997,10.398666666666664,9.464785416666672,2014,2
52,Brazil-Colombia,-6.0,7.666666666666657,11.0,10.0,4.804473304473298,-9.119999999999997,1.0566666666666578,3.710000000000001,2.799999999999997,-0.3108297258297341,12.189999999999976,14.68666666666666,14.083333333333329,8.882405002404994,17.049999999999997,16.549999999999997,10.987554112554108,16.0,10.447294372294373,6.345475185789027,2014,2
53,France-Germany,-1.0,5.666666666666671,-2.75,-2.0,-0.5833333333333428,-1.769999999999996,4.186666666666667,-3.2750000000000057,-2.6099999999999994,-1.262500000000017,9.387777777777785,2.4891666666666623,3.103333333333339,3.7455555555555478,-4.6268750000000125,-3.9924999999999926,-2.542916666666663,-3.3599999999999994,-1.9825000000000088,-0.8706250000000182,2014,0
54,Brazil-Germany,-16.0,3.3333333333333286,-2.5,0.0,-6.477272727272734,-25.919999999999995,-10.366666666666674,-15.504999999999995,-13.600000000000009,-16.715075757575775,5.444444444444429,0.7666666666666515,2.8333333333333286,-2.9005050505050605,-4.212500000000006,-2.125,-7.249053030303024,0.0,-5.50568181818182,-9.28556301652894,2014,0
55,Brazil-Netherlands,-3.0,1.3333333333333286,5.75,4.333333333333329,-3.344696969696969,-4.469999999999999,-1.4866666666666717,1.8800000000000026,0.7433333333333252,-4.595151515151521,2.2044444444444338,5.821666666666658,4.686666666666653,-1.8301262626262655,9.214375000000004,8.235,1.3514867424242425,7.178888888888878,0.2676515151515133,-4.690050648530772,2014,0
56,Germany-Argentina,9.0,-5.0,5.25,7.857142857142847,2.3809523809523796,15.209999999999994,3.200000000000003,11.894999999999996,13.935714285714283,8.647261904761912,-8.25,0.1875,2.4285714285714164,-1.7220238095238116,8.701875000000001,10.767857142857132,5.843839285714282,12.739795918367335,7.723044217687061,3.51077097505668,2014,2
57,Netherlands-Argentina,-4.0,-3.0,-3.0,3.5238095238095184,-0.7516233766233853,-6.240000000000002,-5.68,-5.490000000000002,-0.40761904761905043,-3.4726623376623422,-5.010000000000005,-4.867500000000007,0.5752380952380918,-2.7924025974026065,-4.7250000000000085,0.40785714285713226,-2.756700487012985,5.560907029478457,1.9497108843537276,-1.0847413929414884,2014,1
58,Netherlands-Costa Rica,7.0,14.200000000000003,3.75,6.666666666666671,8.30075757575758,10.149999999999999,15.538000000000004,7.994999999999997,10.24666666666667,10.752409090909097,21.2716,13.512,15.974666666666678,15.82125454545455,5.653124999999996,7.924999999999997,8.79296022727273,10.311111111111124,10.92816666666667,11.228220965335176,2014,1
59,Argentina-Belgium,-9.0,6.333333333333329,-6.297619047619051,-9.190476190476176,-1.7301587301587205,-15.209999999999994,-2.0133333333333354,-12.827380952380949,-15.122380952380936,-8.068055555555553,10.365555555555545,0.12837301587302363,-2.344126984126973,3.232870370370378,-10.504278628117916,-12.812301587301583,-6.065434145880573,-15.024240362811767,-8.160081254724084,-2.5399004787099884,2014,2
60,Netherlands-Mexico,7.0,5.333333333333329,-1.5,8.0,5.617424242424235,10.149999999999999,9.420000000000002,4.372500000000002,11.166666666666671,8.900909090909089,8.46222222222221,2.969999999999999,10.435555555555553,8.13517676767676,-2.3400000000000034,5.089999999999996,3.3469602272727244,12.266666666666673,9.824722222222213,7.7492792986684975,2014,2
61,Costa Rica-Greece,-9.0,0.13333333333332575,-1.5,-2.6666666666666714,-3.9333333333333442,-13.230000000000004,-5.998000000000005,-7.784999999999997,-8.739999999999995,-8.781500000000008,0.1806222222222118,-0.9170000000000016,-1.705777777777783,-2.576911111111123,-2.227499999999999,-3.1099999999999994,-3.902250000000002,-4.017777777777788,-4.70844444444446,-5.148733333333347,2014,1
62,Argentina-Switzerland,-4.0,9.0,1.25,0.5974025974026063,-0.9642857142857082,-6.560000000000002,4.159999999999997,-2.1599999999999966,-2.5838961038960946,-3.71142857142857,14.490000000000002,8.172500000000007,7.396883116883124,5.795357142857149,1.9906250000000085,1.4362337662337765,0.14491071428571445,0.9181379659301854,-0.304786641929482,-1.4082015306122315,2014,2
63,Belgium-United States,16.0,9.0,12.547619047619051,8.666666666666657,5.504509379509372,25.919999999999995,19.156666666666666,23.00738095238095,20.139999999999986,15.900831529581524,13.350000000000001,16.53079365079364,13.807777777777773,10.518736772486761,20.144903628117923,17.246111111111112,13.391935769257195,14.21333333333331,10.71154461279459,7.8729476567754375,2014,2
64,Brazil-Chile,0.0,9.333333333333329,5.25,10.0,5.272727272727273,0.0,6.8133333333333255,3.832500000000003,7.299999999999997,3.8490909090909113,14.68444444444443,11.63166666666666,15.333333333333329,10.289494949494944,8.439374999999998,12.237499999999997,7.692613636363639,16.0,10.798484848484847,6.939228650137736,2014,1
65,Colombia-Uruguay,-2.0,-6.666666666666657,-5.035714285714278,-5.0,0.28968253968254487,-3.200000000000003,-6.913333333333327,-5.518928571428567,-5.549999999999997,-1.0380555555555517,-10.533333333333324,-8.946071428571422,-9.11666666666666,-4.003822751322744,-7.5050127551020225,-7.628571428571419,-2.981313775510195,-7.75,-2.950000000000003,0.3678393487024465,2014,2
66,Netherlands-Mexico,7.0,5.333333333333329,-1.5,8.0,5.617424242424235,10.149999999999999,9.420000000000002,4.372500000000002,11.166666666666671,8.900909090909089,8.46222222222221,2.969999999999999,10.435555555555553,8.13517676767676,-2.3400000000000034,5.089999999999996,3.3469602272727244,12.266666666666673,9.824722222222213,7.7492792986684975,2014,2
67,Costa Rica-Greece,-9.0,0.13333333333332575,-1.5,-2.6666666666666714,-3.9333333333333442,-13.230000000000004,-5.998000000000005,-7.784999999999997,-8.739999999999995,-8.781500000000008,0.1806222222222118,-0.9170000000000016,-1.705777777777783,-2.576911111111123,-2.227499999999999,-3.1099999999999994,-3.902250000000002,-4.017777777777788,-4.70844444444446,-5.148733333333347,2014,1
68,France-Nigeria,15.0,12.355555555555554,7.5,10.688888888888883,5.949999999999989,24.15,21.86955555555555,17.887499999999996,20.25288888888889,15.49349999999999,19.64258765432099,15.722555555555552,18.09125432098765,13.54630740740739,11.849999999999994,14.268388888888893,10.05237499999999,16.60103209876543,12.247918518518496,8.491641666666645,2014,2
69,Germany-Algeria,16.150000000000006,6.0,3.75,7.0,6.608333333333334,26.138774999999995,17.291000000000004,16.540125000000003,18.827000000000012,16.913212500000014,9.240000000000002,7.905000000000008,10.280000000000001,9.38516666666667,6.2718750000000085,8.909999999999997,8.21168749999999,11.409999999999997,10.398666666666664,9.464785416666672,2014,2
70,Argentina-Switzerland,-4.0,9.0,1.25,0.5974025974026063,-0.9642857142857082,-6.560000000000002,4.159999999999997,-2.1599999999999966,-2.5838961038960946,-3.71142857142857,14.490000000000002,8.172500000000007,7.396883116883124,5.795357142857149,1.9906250000000085,1.4362337662337765,0.14491071428571445,0.9181379659301854,-0.304786641929482,-1.4082015306122315,2014,2
71,Belgium-United States,16.0,9.0,12.547619047619051,8.666666666666657,5.504509379509372,25.919999999999995,19.156666666666666,23.00738095238095,20.139999999999986,15.900831529581524,13.350000000000001,16.53079365079364,13.807777777777773,10.518736772486761,20.144903628117923,17.246111111111112,13.391935769257195,14.21333333333331,10.71154461279459,7.8729476567754375,2014,2
72,France-Germany,-1.0,5.666666666666671,-2.75,-2.0,-0.5833333333333428,-1.769999999999996,4.186666666666667,-3.2750000000000057,-2.6099999999999994,-1.262500000000017,9.387777777777785,2.4891666666666623,3.103333333333339,3.7455555555555478,-4.6268750000000125,-3.9924999999999926,-2.542916666666663,-3.3599999999999994,-1.9825000000000088,-0.8706250000000182,2014,0
73,Brazil-Colombia,-6.0,7.666666666666657,11.0,10.0,4.804473304473298,-9.119999999999997,1.0566666666666578,3.710000000000001,2.799999999999997,-0.3108297258297341,12.189999999999976,14.68666666666666,14.083333333333329,8.882405002404994,17.049999999999997,16.549999999999997,10.987554112554108,16.0,10.447294372294373,6.345475185789027,2014,2
74,Argentina-Belgium,-9.0,6.333333333333329,-6.297619047619051,-9.190476190476176,-1.7301587301587205,-15.209999999999994,-2.0133333333333354,-12.827380952380949,-15.122380952380936,-8.068055555555553,10.365555555555545,0.12837301587302363,-2.344126984126973,3.232870370370378,-10.504278628117916,-12.812301587301583,-6.065434145880573,-15.024240362811767,-8.160081254724084,-2.5399004787099884,2014,2
75,Netherlands-Costa Rica,7.0,14.200000000000003,3.75,6.666666666666671,8.30075757575758,10.149999999999999,15.538000000000004,7.994999999999997,10.24666666666667,10.752409090909097,21.2716,13.512,15.974666666666678,15.82125454545455,5.653124999999996,7.924999999999997,8.79296022727273,10.311111111111124,10.92816666666667,11.228220965335176,2014,1
76,Brazil-Germany,-16.0,3.3333333333333286,-2.5,0.0,-6.477272727272734,-25.919999999999995,-10.366666666666674,-15.504999999999995,-13.600000000000009,-16.715075757575775,5.444444444444429,0.7666666666666515,2.8333333333333286,-2.9005050505050605,-4.212500000000006,-2.125,-7.249053030303024,0.0,-5.50568181818182,-9.28556301652894,2014,0
77,Netherlands-Argentina,-4.0,-3.0,-3.0,3.5238095238095184,-0.7516233766233853,-6.240000000000002,-5.68,-5.490000000000002,-0.40761904761905043,-3.4726623376623422,-5.010000000000005,-4.867500000000007,0.5752380952380918,-2.7924025974026065,-4.7250000000000085,0.40785714285713226,-2.756700487012985,5.560907029478457,1.9497108843537276,-1.0847413929414884,2014,1
78,Brazil-Netherlands,-3.0,1.3333333333333286,5.75,4.333333333333329,-3.344696969696969,-4.469999999999999,-1.4866666666666717,1.8800000000000026,0.7433333333333252,-4.595151515151521,2.2044444444444338,5.821666666666658,4.686666666666653,-1.8301262626262655,9.214375000000004,8.235,1.3514867424242425,7.178888888888878,0.2676515151515133,-4.690050648530772,2014,0
79,Germany-Argentina,9.0,-5.0,5.25,7.857142857142847,2.3809523809523796,15.209999999999994,3.200000000000003,11.894999999999996,13.935714285714283,8.647261904761912,-8.25,0.1875,2.4285714285714164,-1.7220238095238116,8.701875000000001,10.767857142857132,5.843839285714282,12.739795918367335,7.723044217687061,3.51077097505668,2014,2
0,Russia-Saudi Arabia,9.0,3.6666666666666714,5.75,4.133333333333326,6.366666666666674,13.590000000000003,8.723333333333336,11.1025,9.75666666666666,11.018333333333338,4.852222222222231,6.55916666666667,5.438444444444443,6.743222222222229,8.639375000000001,7.344833333333327,8.751416666666671,6.095288888888874,7.547044444444445,8.788122222222228,2018,2
1,Egypt-Uruguay,-10.473684210526315,-1.9696969696969688,-1.5,-7.649122807017548,3.0438596491228083,-15.870387811634345,-9.869665071770328,-8.965526315789475,-13.773591874422898,-4.530251615881809,-3.1509182736455443,-2.672121212121212,-7.618564593301443,1.1489673046252022,-2.2424999999999997,-6.860350877192985,1.2962061403508756,-11.65350569405971,-2.6740566328100996,3.9735718682671646,2018,0
2,Morocco-Iran,6.0,-5.0,11.166666666666671,5.8888888888889,7.200757575757578,9.119999999999997,0.5700000000000003,12.936666666666667,8.858888888888892,9.513598484848487,-7.283333333333324,4.424722222222222,0.6362962962963081,1.8770328282828288,16.563888888888897,12.525462962962976,12.861354166666672,8.604320987654333,9.226742424242424,9.699475005739217,2018,0
3,Portugal-Spain,-6.0,-3.818181818181813,-4.5,-6.666666666666657,-2.833333333333343,-10.560000000000002,-8.245454545454535,-9.015,-10.966666666666654,-6.7833333333333385,-6.2178512396694,-6.8809090909090855,-8.673737373737353,-5.0370202020202015,-7.58250000000001,-9.441666666666663,-5.604583333333338,-11.333333333333314,-7.175000000000011,-4.051666666666684,2018,1
4,France-Australia,8.0,14.666666666666671,11.75,11.666666666666657,11.0,13.439999999999998,18.693333333333342,16.300000000000004,16.159999999999997,15.280000000000001,23.368888888888897,21.149166666666666,20.95444444444444,19.836666666666666,18.888125000000002,18.718333333333327,17.7125,18.549999999999997,17.553333333333335,16.61,2018,2
5,Argentina-Iceland,10.0,16.666666666666657,5.25,8.666666666666671,8.962121212121218,15.0,20.499999999999986,11.850000000000009,14.233333333333341,13.878030303030314,26.66666666666665,17.387500000000003,19.822222222222216,19.09709595959596,8.308124999999997,10.917500000000004,10.848409090909087,13.404444444444458,13.132954545454545,12.827375459136825,2018,1
6,Peru-Denmark,-10.0,-3.666666666666657,-5.6842105263157805,-4.333333333333343,-4.061403508771917,-15.600000000000001,-10.509999999999998,-11.824473684210517,-10.830000000000013,-9.873157894736835,-5.609999999999985,-7.058377192982441,-6.046666666666667,-5.56557017543858,-8.402160664819931,-7.437412280701757,-6.813110572483829,-6.456666666666685,-5.931359649122804,-5.446555863342546,2018,0
7,Croatia-Nigeria,11.099999999999994,7.666666666666657,10.0,7.666666666666657,8.599999999999994,16.97189999999999,14.79666666666666,16.580499999999994,14.463666666666654,14.51489999999999,12.34333333333332,14.221666666666664,12.113333333333323,12.407222222222217,16.10000000000001,13.921666666666667,14.076333333333338,11.883333333333326,12.149222222222221,12.30373333333332,2018,2
8,Costa Rica-Serbia,-10.0,-12.333333333333343,-8.25,-3.333333333333343,-5.854166666666657,-14.799999999999997,-16.376666666666665,-13.917500000000004,-10.06666666666667,-11.147708333333334,-17.883333333333354,-15.616666666666674,-11.790000000000013,-12.650208333333332,-12.890625000000007,-8.874166666666682,-10.196458333333325,-5.066666666666691,-6.721041666666665,-7.979960937499989,2018,0
9,Germany-Mexico,20.0,4.666666666666671,11.25,9.333333333333329,16.66666666666667,31.599999999999994,19.95333333333334,25.012500000000003,23.706666666666656,27.883333333333333,7.5911111111111325,12.912499999999994,11.402222222222221,16.98944444444446,18.140625,16.712500000000006,21.715625000000003,15.244444444444433,20.478888888888882,24.527777777777786,2018,0
10,Brazil-Switzerland,3.0,11.0,6.25,8.0,-0.08044733044732766,5.1299999999999955,11.840000000000003,7.815000000000012,9.320000000000007,2.1756060606060643,17.856666666666676,14.134166666666658,15.586666666666673,8.164128186628183,10.296875000000007,11.756666666666653,4.609540945165946,13.226666666666674,5.918532948532942,-0.1203700437169033,2018,1
11,Sweden-South Korea,12.299999999999997,10.312121212121212,10.150000000000006,10.766666666666666,7.449999999999989,17.675099999999993,16.108154545454546,16.170299999999997,16.831700000000005,13.750649999999986,14.586026721763083,14.621130303030306,15.240293939393943,12.309443939393937,14.651525000000007,15.276766666666667,12.306949999999993,15.923900000000003,12.860216666666666,10.172974999999994,2018,2
12,Belgium-Panama,7.0,15.196078431372555,13.14705882352942,16.862745098039213,11.603408029878622,11.969999999999999,18.480784313725508,16.765588235294125,19.870784313725487,15.018405695611577,23.82804690503653,22.301280276816627,25.058765859284883,20.16328307793706,20.75301903114189,23.55098615916956,18.732021131982215,26.272818146866584,21.3189545687556,16.899507895206014,2018,2
13,Tunisia-England,-12.0,-11.0,-15.5,-9.666666666666671,-5.8769841269841265,-18.480000000000004,-18.21,-20.875,-16.823333333333338,-13.182658730158728,-17.856666666666676,-20.775833333333345,-16.44444444444445,-12.706084656084656,-23.095000000000006,-19.317499999999995,-15.560803571428572,-15.112222222222229,-11.567843915343921,-8.479881739732932,2018,0
14,Colombia-Japan,16.333333333333343,17.333333333333343,10.25,15.444444444444443,4.6666666666666785,23.1388888888889,23.928888888888906,19.08166666666667,22.799629629629635,13.58194444444446,24.728888888888903,19.85666666666667,23.60296296296297,14.234444444444463,14.836875,18.620555555555562,9.826458333333342,22.428765432098757,13.105648148148155,5.872222222222234,2018,0
15,Poland-Senegal,10.0,1.6666666666666714,-3.0,-1.3333333333333286,3.3333333333333286,16.199999999999996,9.533333333333331,5.345000000000006,6.88666666666667,9.641666666666659,2.7277777777777885,-1.159166666666657,0.2366666666666788,3.884722222222223,-4.664999999999999,-3.4266666666666623,0.5091666666666583,-2.1244444444444355,1.730000000000004,4.627777777777773,2018,0
16,Russia-Egypt,9.473684210526315,-11.0,4.0,3.4491228070175453,5.406140350877195,14.260387811634345,-1.3157894736842124,10.210526315789473,9.613591874422902,10.652751615881805,-16.169999999999995,-5.420000000000002,-5.613192982456141,-3.671149122807016,6.080000000000005,5.584350877192982,6.8885438596491255,5.109905694059705,6.401656632810102,7.514203131732835,2018,2
17,Portugal-Morocco,6.0,9.181818181818187,2.25,5.666666666666671,-0.8674242424242493,9.840000000000003,12.02454545454546,6.697500000000005,9.376666666666672,3.5197348484848447,13.758815426997252,9.111590909090914,11.484040404040414,5.824835858585857,3.639374999999994,6.356666666666669,0.8851041666666646,8.934444444444459,3.3121464646464602,-1.2233638946281147,2018,2
18,Uruguay-Saudi Arabia,10.0,16.63636363636364,3.25,8.333333333333329,-2.0833333333333286,15.200000000000003,19.908787878787876,9.857500000000002,13.916666666666657,4.895833333333343,24.17314049586777,14.651287878787883,18.670202020202026,9.265404040404043,4.8018749999999955,8.62083333333333,0.56666666666667,12.638888888888879,3.819444444444443,-2.6996527777777715,2018,2
19,Iran-Spain,-18.0,-8.0,-17.91666666666667,-18.22222222222223,-9.166666666666671,-29.520000000000003,-20.839999999999996,-28.649166666666673,-29.20222222222222,-19.81666666666667,-12.693333333333328,-20.41722222222222,-20.794074074074075,-12.738888888888887,-27.7857638888889,-28.323796296296308,-19.351041666666674,-28.872098765432106,-19.713888888888896,-12.527777777777786,2018,0
20,Denmark-Australia,3.0,6.0,2.25,3.0,-0.9166666666666714,4.890000000000001,7.150000000000006,4.102499999999999,4.700000000000003,1.3391666666666637,9.040000000000006,6.232500000000002,6.770000000000003,3.4819444444444443,3.403125000000003,3.960000000000001,0.8714583333333294,4.510000000000005,1.3972222222222186,-1.2749305555555637,2018,1
21,France-Peru,15.0,12.333333333333329,15.18421052631578,13.0,15.978070175438589,24.15,22.053333333333335,24.021973684210522,22.290000000000006,23.813991228070172,19.938888888888876,21.975043859649105,20.231111111111105,21.920292397660802,23.88716066481993,22.195745614035083,23.6541522391505,20.496666666666677,22.08747076023392,23.33148641889811,2018,2
22,Argentina-Croatia,-2.0,4.0,-3.75,0.3333333333333428,0.21212121212121815,-3.239999999999995,1.5133333333333212,-4.709999999999994,-1.3599999999999852,-1.346969696969687,6.906666666666666,0.1075000000000017,3.5477777777777817,3.2207070707070713,-6.2718750000000085,-2.7775000000000034,-2.6703409090909176,0.5433333333333508,0.4260101010100996,0.32216712580349594,2018,0
23,Brazil-Costa Rica,18.0,20.333333333333343,11.5,12.333333333333343,9.543560606060595,28.08,29.630000000000003,23.325000000000003,24.110000000000007,20.044147727272723,31.110000000000028,25.013333333333335,25.803333333333356,21.534349747474742,18.34250000000001,19.093333333333334,15.661098484848473,19.856666666666698,16.31601641414141,13.36116559773874,2018,2
24,Nigeria-Iceland,0.9000000000000057,5.0,-1.0,0.6666666666666714,0.15000000000000568,1.268100000000004,4.190000000000005,-0.020499999999991303,1.1296666666666724,0.7101000000000113,7.416666666666664,3.058333333333337,4.161111111111111,3.4691666666666734,-1.5200000000000031,-0.22666666666665947,-0.5575833333333335,0.9777777777777814,0.5577222222222247,0.20147500000000917,2018,2
25,Serbia-Switzerland,-5.0,3.0,3.0,-1.0,-3.7698412698412653,-8.150000000000006,-1.413333333333334,-1.592499999999987,-4.723333333333329,-6.720833333333324,4.630000000000003,4.737499999999997,1.5733333333333306,-0.7200132275132276,4.845000000000006,1.5375000000000014,-0.8550992063492018,-1.5633333333333326,-3.676441798941802,-5.501574703955654,2018,0
26,Belgium-Tunisia,18.0,10.333333333333329,18.75,13.0,9.416666666666671,28.799999999999997,22.81666666666667,28.7025,24.769999999999996,20.83797619047619,16.70555555555554,23.0225,18.75777777777777,15.249656084656081,28.546875000000007,24.864999999999995,21.027440476190485,20.75666666666666,17.12654761904762,13.920598544973558,2018,2
27,South Korea-Mexico,-3.299999999999997,-13.433333333333337,-7.900000000000006,-8.433333333333337,-0.6999999999999886,-4.445099999999989,-11.432700000000004,-7.665299999999995,-8.081700000000005,-2.6131499999999903,-19.420122222222226,-15.254766666666676,-15.873122222222229,-9.224216666666663,-11.22590000000001,-11.74176666666667,-5.624449999999996,-12.276122222222227,-5.9827166666666685,-0.9085999999999927,2018,0
28,Germany-Sweden,11.0,7.787878787878796,9.0,7.0,9.916666666666671,18.36999999999999,15.277878787878798,16.5075,14.956666666666656,16.745833333333337,12.425206611570275,13.546136363636364,12.035050505050506,13.904217171717185,14.715000000000003,13.177500000000009,15.033125000000005,11.596666666666657,13.601388888888884,15.263402777777785,2018,2
29,England-Panama,1.0,15.862745098039227,9.89705882352942,13.529411764705884,8.063725490196077,1.6500000000000057,13.874117647058839,8.938088235294124,11.924117647058829,7.363088235294114,24.979158016147665,20.05461361014997,22.745432525951564,17.619711649365634,15.301144031141888,18.00348615916956,13.265384227220302,20.628373702422152,15.760250865051901,11.458791089965388,2018,2
30,Japan-Senegal,-13.333333333333343,-18.333333333333343,-12.0,-15.444444444444443,-7.1666666666666785,-18.4888888888889,-22.288888888888906,-18.086666666666666,-20.38962962962963,-13.524444444444462,-26.338888888888903,-22.049166666666665,-24.406296296296297,-16.911944444444458,-17.58,-20.02638888888889,-12.949583333333344,-22.428765432098757,-15.113981481481488,-9.19722222222223,2018,1
31,Poland-Colombia,7.0,2.6666666666666714,-1.25,-1.3333333333333286,5.833333333333329,11.549999999999997,7.893333333333331,4.350000000000001,4.476666666666667,9.584166666666661,4.337777777777788,1.0333333333333385,1.0400000000000063,6.562222222222218,-1.921875,-2.0208333333333357,3.63229166666666,-2.1244444444444355,3.738333333333337,7.952777777777769,2018,0
32,France-Argentina,8.0,-1.3333333333333286,4.5,3.666666666666657,4.954545454545453,13.439999999999998,5.893333333333345,10.5,9.759999999999991,10.443636363636358,-2.3377777777777737,2.8249999999999886,2.101111111111109,3.296515151515152,7.560000000000002,6.8374999999999915,7.695340909090909,6.123333333333321,7.016212121212128,7.780888429752068,2018,2
33,Uruguay-Portugal,-4.0,1.4545454545454533,-6.5,-1.6666666666666714,-6.333333333333329,-6.640000000000001,-2.0024242424242544,-8.545000000000002,-4.616666666666674,-7.93333333333333,2.3343250688705126,-4.07030303030303,-0.1616161616161662,-4.108686868686867,-10.237499999999997,-6.56666666666667,-9.337083333333332,-2.694444444444457,-6.234722222222217,-8.476111111111102,2018,2
34,Saudi Arabia-Egypt,0.47368421052631504,-14.666666666666671,-1.75,-0.6842105263157805,-0.9605263157894797,0.6703878116343418,-10.039122807017549,-0.8919736842105266,-0.14307479224375896,-0.36558171745153345,-21.022222222222226,-11.979166666666671,-11.051637426900584,-10.414371345029245,-2.5593749999999957,-1.7604824561403447,-1.8628728070175455,-0.9853831948291685,-1.1453878116343432,-1.2739190904893931,2018,2
35,Uruguay-Russia,1.0,12.969696969696969,-2.5,4.200000000000003,-8.450000000000003,1.6099999999999994,11.18545454545454,-1.2449999999999974,4.159999999999997,-6.122499999999995,19.32091827364554,8.092121212121214,13.231757575757584,2.5221818181818136,-3.8375000000000057,1.2760000000000034,-8.184750000000001,6.543600000000005,-3.7276000000000025,-11.487775,2018,2
36,Iran-Portugal,-12.0,-4.181818181818187,-13.416666666666671,-11.555555555555571,-6.333333333333329,-18.96,-12.594545454545461,-19.634166666666673,-18.235555555555564,-13.033333333333331,-6.475482093663928,-13.536313131313136,-12.120336700336722,-7.701868686868686,-20.20326388888889,-18.882129629629645,-13.746458333333337,-17.538765432098792,-12.538888888888884,-8.476111111111102,2018,1
37,Spain-Morocco,12.0,13.0,6.75,12.333333333333329,1.9659090909090935,20.400000000000006,20.269999999999996,15.712500000000006,20.343333333333327,10.303068181818183,19.976666666666652,15.9925,20.157777777777767,10.861856060606058,11.221875000000004,15.798333333333332,6.489687500000002,20.267777777777773,10.487146464646472,2.828302772038569,2018,1
38,Australia-Peru,7.0,-2.333333333333343,3.4342105263157805,1.3333333333333428,4.978070175438589,10.71,3.3599999999999923,7.721973684210518,6.13000000000001,8.533991228070171,-3.430000000000021,0.8258771929824391,-0.7233333333333363,2.083625730994136,4.999035664819928,3.4774122807017562,5.9416522391505,1.9466666666666796,4.534137426900585,6.72148641889811,2018,0
39,Denmark-France,-5.0,-8.666666666666671,-9.5,-8.666666666666657,-11.916666666666671,-8.549999999999997,-11.543333333333337,-12.197500000000005,-11.459999999999994,-13.940833333333337,-14.32888888888889,-14.916666666666664,-14.184444444444438,-16.35472222222222,-15.485,-14.758333333333326,-16.84104166666667,-14.039999999999992,-16.156111111111116,-17.884930555555563,2018,1
40,Iceland-Croatia,-12.0,-12.666666666666657,-9.0,-8.333333333333329,-8.75,-18.239999999999995,-18.986666666666665,-16.560000000000002,-15.593333333333327,-15.225000000000001,-19.759999999999984,-17.28,-16.274444444444434,-15.87638888888889,-14.580000000000005,-13.695000000000007,-13.518750000000004,-12.861111111111107,-12.706944444444446,-12.505208333333329,2018,0
41,Nigeria-Argentina,-9.099999999999994,-11.666666666666657,-6.25,-8.0,-8.812121212121212,-13.731899999999996,-16.30999999999998,-11.8705,-13.103666666666669,-13.167930303030303,-19.249999999999986,-14.329166666666666,-15.661111111111104,-15.627929292929288,-9.828125,-11.144166666666663,-11.40599242424242,-12.426666666666677,-12.57523232323232,-12.625900459136815,2018,0
42,Mexico-Sweden,-9.0,3.1212121212121247,-2.25,-2.3333333333333286,-6.75,-13.230000000000004,-4.675454545454542,-8.505000000000003,-8.75,-11.137499999999996,4.834095500459142,0.63363636363637,0.6328282828282852,-3.0852272727272734,-3.4256249999999966,-3.5349999999999966,-6.682499999999997,-3.647777777777776,-6.877499999999998,-9.264375000000001,2018,0
43,South Korea-Germany,-23.299999999999997,-18.10000000000001,-19.150000000000006,-17.766666666666666,-17.36666666666666,-36.045099999999984,-31.386033333333344,-32.6778,-31.78836666666666,-30.496483333333323,-27.011233333333358,-28.16726666666667,-27.27534444444445,-26.213661111111122,-29.36652500000001,-28.454266666666676,-27.340075,-27.52056666666666,-26.46160555555555,-25.43637777777778,2018,2
44,Serbia-Brazil,-8.0,-8.0,-3.25,-9.0,-3.6893939393939377,-13.280000000000001,-13.253333333333337,-9.407499999999999,-14.043333333333337,-8.896439393939389,-13.226666666666674,-9.396666666666661,-14.013333333333343,-8.88414141414141,-5.451875000000001,-10.219166666666652,-5.464640151515148,-14.790000000000006,-9.594974747474744,-5.381204660238751,2018,0
45,Switzerland-Costa Rica,15.0,9.333333333333343,5.25,4.333333333333343,9.624007936507923,22.950000000000003,17.79,15.509999999999991,14.79,17.86854166666666,13.253333333333352,10.879166666666677,10.216666666666683,13.37022156084656,8.045625000000001,7.33666666666668,11.051557539682527,6.630000000000024,10.397483465608467,13.481535641455643,2018,1
46,Japan-Poland,-23.333333333333343,-20.000000000000014,-9.0,-14.111111111111114,-10.500000000000007,-34.6888888888889,-31.822222222222237,-23.431666666666672,-27.2762962962963,-23.16611111111112,-29.06666666666669,-20.890000000000008,-24.642962962962976,-20.79666666666668,-12.915,-16.599722222222226,-13.458750000000002,-20.30432098765432,-16.843981481481492,-13.825000000000003,2018,0
47,Senegal-Colombia,-3.0,1.0,1.75,0.0,2.5,-4.649999999999999,-1.6400000000000006,-0.9950000000000045,-2.4100000000000037,-0.05749999999999744,1.6099999999999994,2.1924999999999955,0.8033333333333275,2.677499999999995,2.743124999999999,1.4058333333333266,3.1231250000000017,0.0,2.008333333333333,3.3249999999999957,2018,0
48,England-Belgium,-6.0,0.6666666666666714,-3.25,-3.3333333333333286,-3.539682539682545,-10.319999999999993,-4.606666666666669,-7.827500000000001,-7.946666666666658,-7.6553174603174625,1.1511111111111347,-2.2466666666666555,-2.3133333333333184,-2.5435714285714255,-5.451875000000001,-5.547499999999999,-5.466636904761913,-5.6444444444444315,-5.558703703703699,-5.440716805240626,2018,0
49,Panama-Tunisia,11.0,-4.862745098039227,5.60294117647058,-3.8627450980392126,-2.186741363211951,16.83,4.335882352941162,11.936911764705876,4.899215686274509,5.819570494864614,-7.122491349480988,0.7212197231833741,-6.300988081507114,-4.913626993280978,7.793855968858118,1.3140138408304338,2.2954193442082698,-5.516151480199923,-4.19240694970798,-2.978909350232456,2018,0
50,Uruguay-France,-7.0,-6.030303030303031,-10.75,-5.333333333333329,-17.25,-11.829999999999998,-10.974545454545463,-14.745000000000005,-10.293333333333337,-19.6425,-10.129081726354457,-13.905378787878782,-9.464242424242414,-18.85181818181818,-17.388125000000002,-13.199999999999996,-21.731249999999996,-8.817777777777778,-18.120000000000005,-24.969375,2018,0
51,Brazil-Belgium,-2.0,0.6666666666666714,0.0,0.3333333333333428,-3.850288600288607,-3.519999999999996,-1.1400000000000006,-1.7099999999999937,-1.4366666666666532,-4.922211399711401,1.1511111111111347,0.5699999999999932,0.864444444444473,-2.812763347763351,0.0,0.2849999999999966,-3.2919967532467638,0.5766666666666964,-3.0748400673400624,-5.906178811668539,2018,0
52,Spain-Russia,11.0,15.333333333333329,8.5,12.533333333333331,0.7166666666666686,18.810000000000002,21.43333333333333,16.315000000000005,19.743333333333325,8.594166666666673,23.204444444444427,19.04333333333333,22.067111111111103,11.667888888888882,13.982500000000002,17.284333333333336,6.756916666666669,20.571377777777776,9.682122222222226,1.0400027777777865,2018,1
53,Croatia-Denmark,-1.0,6.0,8.75,4.666666666666657,6.75,-1.6500000000000057,4.13666666666667,6.407499999999999,3.059999999999988,4.844166666666666,9.759999999999998,11.984166666666674,8.535555555555547,9.837499999999999,14.196875000000006,10.698333333333338,11.816041666666678,7.373333333333321,8.713888888888889,9.781875,2018,1
54,Brazil-Mexico,18.0,7.666666666666671,10.5,9.666666666666671,9.522727272727266,28.08,20.890000000000008,22.635000000000005,22.270000000000003,20.02977272727272,12.701111111111132,14.849999999999994,14.28111111111113,13.255530303030298,16.852500000000006,16.349999999999994,14.99318181818181,15.82111111111113,14.560530303030298,13.33398243801652,2018,2
55,Belgium-Japan,26.333333333333343,23.333333333333343,18.25,21.444444444444443,18.039682539682552,39.9388888888889,37.26888888888891,33.95166666666667,36.17296296296296,32.008928571428584,34.6888888888889,31.38666666666667,33.58296296296296,29.65023809523811,27.876875000000005,30.177222222222227,26.480386904761914,32.42876543209876,28.56601851851852,25.112383471907293,2018,2
56,Sweden-Switzerland,-6.0,0.21212121212120394,-2.0,0.6666666666666572,-2.853174603174594,-9.719999999999999,-4.374545454545462,-6.314999999999991,-4.199999999999996,-6.7166666666666615,0.3214600550964022,-1.349469696969706,0.6727272727272577,-2.0061748436748417,-3.1300000000000026,-1.0583333333333442,-3.7011408730158664,1.0533333333333204,-1.7644973544973581,-4.189977481733422,2018,2
57,Colombia-England,-4.0,-6.666666666666671,-4.75,-2.6666666666666714,-9.833333333333329,-6.480000000000004,-8.733333333333334,-7.042499999999997,-5.426666666666669,-10.771666666666661,-11.111111111111128,-9.283333333333346,-7.666666666666671,-12.87222222222222,-7.588125000000005,-6.009166666666665,-11.18729166666666,-4.3555555555555685,-9.901666666666664,-13.799444444444433,2018,1
58,Sweden-England,-5.0,-10.787878787878796,-5.0,-3.6666666666666714,-3.0833333333333286,-8.049999999999997,-12.747878787878797,-8.012499999999996,-7.009999999999998,-6.159166666666664,-17.535206611570274,-12.666969696969716,-11.736161616161624,-10.43949494949495,-7.9750000000000085,-6.982500000000002,-6.136041666666664,-5.952222222222225,-5.199166666666663,-4.5350694444444315,2018,0
59,Russia-Croatia,-2.0,-16.33333333333333,-7.5,-5.533333333333331,-3.6333333333333258,-3.239999999999995,-14.753333333333337,-7.710000000000001,-6.0533333333333275,-4.423333333333332,-24.881111111111103,-19.065000000000005,-17.047111111111107,-14.856777777777772,-12.262500000000003,-10.416000000000011,-8.521500000000003,-8.694711111111111,-6.950177777777775,-5.378544444444437,2018,1
60,France-Croatia,6.0,2.6666666666666714,0.75,4.0,5.166666666666671,10.200000000000003,7.406666666666666,5.790000000000006,8.400000000000006,9.096666666666671,4.5688888888888926,2.9324999999999903,5.648888888888891,6.517222222222223,1.2881249999999937,4.059999999999988,5.0249999999999915,6.666666666666671,7.442222222222227,8.103055555555564,2018,2
61,France-Belgium,-1.0,1.0,0.75,-1.0,2.3769841269841265,-1.769999999999996,0.01999999999999602,-0.19499999999999318,-1.7433333333333252,1.305515873015878,1.730000000000004,1.5074999999999932,-0.006666666666660603,2.8542063492063505,1.2881249999999937,-0.2150000000000034,2.639821428571423,-1.7166666666666544,1.2421296296296447,3.7942137503149382,2018,2
62,Croatia-England,-1.0,-2.333333333333343,3.25,-1.6666666666666714,0.75,-1.6500000000000057,-2.780000000000001,1.8425000000000011,-2.1966666666666725,-0.13583333333333059,-3.9900000000000233,0.8216666666666583,-3.342222222222233,-1.1194444444444471,5.451875000000001,1.272500000000008,3.0814583333333445,-2.7388888888888943,-0.6413888888888835,1.1318750000000009,2018,2
63,Belgium-England,6.0,-0.6666666666666714,3.25,3.3333333333333286,3.539682539682545,10.319999999999993,4.606666666666669,7.827500000000001,7.946666666666658,7.6553174603174625,-1.1511111111111347,2.2466666666666555,2.3133333333333184,2.5435714285714255,5.451875000000001,5.547499999999999,5.466636904761913,5.6444444444444315,5.558703703703699,5.440716805240626,2018,2
