,match,GK Home,GK Away,FW Home,FW Away,MF Home,MF Away,DF Home,DF Away,backup Home,backup Away,Year,Winner
0,South Africa-Mexico,72.0,71.0,65.0,74.17543859649123,69.67307692307692,68.38157894736842,69.28205128205128,74.33333333333333,63.41025641025641,65.50438596491229,2010,1
1,Mexico-South Africa,71.0,72.0,74.17543859649123,65.0,68.38157894736842,69.67307692307692,74.33333333333333,69.28205128205128,65.50438596491229,63.41025641025641,2010,1
2,Uruguay-France,81.0,88.0,77.66666666666667,73.56140350877193,77.26388888888889,77.67105263157895,76.0,78.33333333333333,65.26851851851852,66.19736842105263,2010,1
3,France-Uruguay,88.0,81.0,73.56140350877193,77.66666666666667,77.67105263157895,77.26388888888889,78.33333333333333,76.0,66.19736842105263,65.26851851851852,2010,1
4,South Korea-Greece,65.55555555555556,74.0,70.85185185185185,73.66666666666667,65.55555555555556,70.75,66.03703703703704,75.66666666666667,64.1111111111111,63.916666666666664,2010,2
5,Greece-South Korea,74.0,65.55555555555556,73.66666666666667,70.85185185185185,70.75,65.55555555555556,75.66666666666667,66.03703703703704,63.916666666666664,64.1111111111111,2010,0
6,Argentina-Nigeria,80.0,73.0,83.0,69.66666666666667,76.75,59.95833333333334,75.23809523809524,67.80555555555556,65.64285714285715,63.02777777777777,2010,2
7,Nigeria-Argentina,73.0,80.0,69.66666666666667,83.0,59.95833333333334,76.75,67.80555555555556,75.23809523809524,63.02777777777777,65.64285714285715,2010,0
8,England-United States,70.0,73.0,76.33333333333333,70.66666666666667,75.25,74.0,71.66666666666667,74.36842105263158,65.82407407407408,65.44298245614037,2010,1
9,United States-England,73.0,70.0,70.66666666666667,76.33333333333333,74.0,75.25,74.36842105263158,71.66666666666667,65.44298245614037,65.82407407407408,2010,1
10,Algeria-Slovenia,81.0,88.0,69.45,74.8030303030303,72.0875,74.0,72.0,73.66666666666667,64.8625,65.83333333333333,2010,0
11,Slovenia-Algeria,88.0,81.0,74.8030303030303,69.45,74.0,72.0875,73.66666666666667,72.0,65.83333333333333,64.8625,2010,2
12,Serbia-Ghana,74.0,72.0,72.0,69.0,73.0,80.5,74.33333333333333,71.66666666666667,65.93333333333332,64.7063492063492,2010,0
13,Ghana-Serbia,72.0,74.0,69.0,72.0,80.5,73.0,71.66666666666667,74.33333333333333,64.7063492063492,65.93333333333332,2010,2
14,Germany-Australia,89.0,71.0,69.66666666666667,67.7121212121212,86.25,67.5,79.66666666666667,72.0,70.15873015873017,63.416666666666664,2010,2
15,Australia-Germany,71.0,89.0,67.7121212121212,69.66666666666667,67.5,86.25,72.0,79.66666666666667,63.416666666666664,70.15873015873017,2010,0
16,Netherlands-Denmark,76.0,73.0,80.33333333333333,67.66666666666667,71.875,74.5,73.58333333333333,71.0,66.83333333333333,61.26515151515152,2010,2
17,Denmark-Netherlands,73.0,76.0,67.66666666666667,80.33333333333333,74.5,71.875,71.0,73.58333333333333,61.26515151515152,66.83333333333333,2010,0
18,Japan-Cameroon,62.30769230769231,74.0,72.43589743589745,75.97777777777777,62.15384615384615,73.2,69.87179487179488,77.0,57.93589743589743,67.14444444444445,2010,2
19,Cameroon-Japan,74.0,62.30769230769231,75.97777777777777,72.43589743589745,73.2,62.15384615384615,77.0,69.87179487179488,67.14444444444445,57.93589743589743,2010,0
20,Italy-Paraguay,88.0,77.0,76.33333333333333,71.48148148148148,75.0,71.75,84.0,75.33333333333333,67.41666666666667,66.59722222222221,2010,1
21,Paraguay-Italy,77.0,88.0,71.48148148148148,76.33333333333333,71.75,75.0,75.33333333333333,84.0,66.59722222222221,67.41666666666667,2010,1
22,New Zealand-Slovakia,65.0,85.0,71.0,68.66666666666667,68.75,75.0,74.0,74.0,60.333333333333336,65.10984848484848,2010,1
23,Slovakia-New Zealand,85.0,65.0,68.66666666666667,71.0,75.0,68.75,74.0,74.0,65.10984848484848,60.333333333333336,2010,1
24,Ivory Coast-Portugal,72.0,76.0,77.66666666666667,71.34920634920634,70.05357142857142,71.5,74.35714285714285,81.66666666666667,66.94642857142857,67.75396825396825,2010,1
25,Portugal-Ivory Coast,76.0,72.0,71.34920634920634,77.66666666666667,71.5,70.05357142857142,81.66666666666667,74.35714285714285,67.75396825396825,66.94642857142857,2010,1
26,Brazil-North Korea,76.0,63.833333333333336,75.77777777777777,67.61111111111111,77.58333333333333,63.833333333333336,81.66666666666667,63.833333333333336,67.08333333333333,62.88888888888891,2010,2
27,North Korea-Brazil,63.833333333333336,76.0,67.61111111111111,75.77777777777777,63.833333333333336,77.58333333333333,63.833333333333336,81.66666666666667,62.88888888888891,67.08333333333333,2010,0
28,Honduras-Chile,74.0,72.0,71.71111111111111,76.33333333333333,75.81666666666666,79.25,69.08888888888889,73.33333333333333,65.86666666666666,64.05952380952381,2010,0
29,Chile-Honduras,72.0,74.0,76.33333333333333,71.71111111111111,79.25,75.81666666666666,73.33333333333333,69.08888888888889,64.05952380952381,65.86666666666666,2010,2
30,Spain-Switzerland,72.0,75.0,79.66666666666667,72.8030303030303,81.0,76.75,87.33333333333333,75.66666666666667,65.91666666666667,64.08333333333333,2010,0
31,Switzerland-Spain,75.0,72.0,72.8030303030303,79.66666666666667,76.75,81.0,75.66666666666667,87.33333333333333,64.08333333333333,65.91666666666667,2010,2
32,South Africa-Uruguay,72.0,81.0,65.0,77.66666666666667,69.67307692307692,77.26388888888889,69.28205128205128,76.0,63.41025641025641,65.26851851851852,2010,0
33,Uruguay-South Africa,81.0,72.0,77.66666666666667,65.0,77.26388888888889,69.67307692307692,76.0,69.28205128205128,65.26851851851852,63.41025641025641,2010,2
34,Argentina-South Korea,80.0,65.55555555555556,83.0,70.85185185185185,76.75,65.55555555555556,75.23809523809524,66.03703703703704,65.64285714285715,64.1111111111111,2010,2
35,South Korea-Argentina,65.55555555555556,80.0,70.85185185185185,83.0,65.55555555555556,76.75,66.03703703703704,75.23809523809524,64.1111111111111,65.64285714285715,2010,0
36,Greece-Nigeria,74.0,73.0,73.66666666666667,69.66666666666667,70.75,59.95833333333334,75.66666666666667,67.80555555555556,63.916666666666664,63.02777777777777,2010,2
37,Nigeria-Greece,73.0,74.0,69.66666666666667,73.66666666666667,59.95833333333334,70.75,67.80555555555556,75.66666666666667,63.02777777777777,63.916666666666664,2010,0
38,France-Mexico,88.0,71.0,73.56140350877193,74.17543859649123,77.67105263157895,68.38157894736842,78.33333333333333,74.33333333333333,66.19736842105263,65.50438596491229,2010,0
39,Mexico-France,71.0,88.0,74.17543859649123,73.56140350877193,68.38157894736842,77.67105263157895,74.33333333333333,78.33333333333333,65.50438596491229,66.19736842105263,2010,2
40,Germany-Serbia,89.0,74.0,69.66666666666667,72.0,86.25,73.0,79.66666666666667,74.33333333333333,70.15873015873017,65.93333333333332,2010,0
41,Serbia-Germany,74.0,89.0,72.0,69.66666666666667,73.0,86.25,74.33333333333333,79.66666666666667,65.93333333333332,70.15873015873017,2010,2
42,Slovenia-United States,88.0,73.0,74.8030303030303,70.66666666666667,74.0,74.0,73.66666666666667,74.36842105263158,65.83333333333333,65.44298245614037,2010,1
43,United States-Slovenia,73.0,88.0,70.66666666666667,74.8030303030303,74.0,74.0,74.36842105263158,73.66666666666667,65.44298245614037,65.83333333333333,2010,1
44,England-Algeria,70.0,81.0,76.33333333333333,69.45,75.25,72.0875,71.66666666666667,72.0,65.82407407407408,64.8625,2010,1
45,Algeria-England,81.0,70.0,69.45,76.33333333333333,72.0875,75.25,72.0,71.66666666666667,64.8625,65.82407407407408,2010,1
46,Netherlands-Japan,76.0,62.30769230769231,80.33333333333333,72.43589743589745,71.875,62.15384615384615,73.58333333333333,69.87179487179488,66.83333333333333,57.93589743589743,2010,2
47,Japan-Netherlands,62.30769230769231,76.0,72.43589743589745,80.33333333333333,62.15384615384615,71.875,69.87179487179488,73.58333333333333,57.93589743589743,66.83333333333333,2010,0
48,Ghana-Australia,72.0,71.0,69.0,67.7121212121212,80.5,67.5,71.66666666666667,72.0,64.7063492063492,63.416666666666664,2010,1
49,Australia-Ghana,71.0,72.0,67.7121212121212,69.0,67.5,80.5,72.0,71.66666666666667,63.416666666666664,64.7063492063492,2010,1
50,Cameroon-Denmark,74.0,73.0,75.97777777777777,67.66666666666667,73.2,74.5,77.0,71.0,67.14444444444445,61.26515151515152,2010,0
51,Denmark-Cameroon,73.0,74.0,67.66666666666667,75.97777777777777,74.5,73.2,71.0,77.0,61.26515151515152,67.14444444444445,2010,2
52,Slovakia-Paraguay,85.0,77.0,68.66666666666667,71.48148148148148,75.0,71.75,74.0,75.33333333333333,65.10984848484848,66.59722222222221,2010,0
53,Paraguay-Slovakia,77.0,85.0,71.48148148148148,68.66666666666667,71.75,75.0,75.33333333333333,74.0,66.59722222222221,65.10984848484848,2010,2
54,Italy-New Zealand,88.0,65.0,76.33333333333333,71.0,75.0,68.75,84.0,74.0,67.41666666666667,60.333333333333336,2010,1
55,New Zealand-Italy,65.0,88.0,71.0,76.33333333333333,68.75,75.0,74.0,84.0,60.333333333333336,67.41666666666667,2010,1
56,Brazil-Ivory Coast,76.0,72.0,75.77777777777777,77.66666666666667,77.58333333333333,70.05357142857142,81.66666666666667,74.35714285714285,67.08333333333333,66.94642857142857,2010,2
57,Ivory Coast-Brazil,72.0,76.0,77.66666666666667,75.77777777777777,70.05357142857142,77.58333333333333,74.35714285714285,81.66666666666667,66.94642857142857,67.08333333333333,2010,0
58,Portugal-North Korea,76.0,63.833333333333336,71.34920634920634,67.61111111111111,71.5,63.833333333333336,81.66666666666667,63.833333333333336,67.75396825396825,62.88888888888891,2010,2
59,North Korea-Portugal,63.833333333333336,76.0,67.61111111111111,71.34920634920634,63.833333333333336,71.5,63.833333333333336,81.66666666666667,62.88888888888891,67.75396825396825,2010,0
60,Chile-Switzerland,72.0,75.0,76.33333333333333,72.8030303030303,79.25,76.75,73.33333333333333,75.66666666666667,64.05952380952381,64.08333333333333,2010,2
61,Switzerland-Chile,75.0,72.0,72.8030303030303,76.33333333333333,76.75,79.25,75.66666666666667,73.33333333333333,64.08333333333333,64.05952380952381,2010,0
62,Spain-Honduras,72.0,74.0,79.66666666666667,71.71111111111111,81.0,75.81666666666666,87.33333333333333,69.08888888888889,65.91666666666667,65.86666666666666,2010,2
63,Honduras-Spain,74.0,72.0,71.71111111111111,79.66666666666667,75.81666666666666,81.0,69.08888888888889,87.33333333333333,65.86666666666666,65.91666666666667,2010,0
64,Mexico-Uruguay,71.0,81.0,74.17543859649123,77.66666666666667,68.38157894736842,77.26388888888889,74.33333333333333,76.0,65.50438596491229,65.26851851851852,2010,0
65,Uruguay-Mexico,81.0,71.0,77.66666666666667,74.17543859649123,77.26388888888889,68.38157894736842,76.0,74.33333333333333,65.26851851851852,65.50438596491229,2010,2
66,France-South Africa,88.0,72.0,73.56140350877193,65.0,77.67105263157895,69.67307692307692,78.33333333333333,69.28205128205128,66.19736842105263,63.41025641025641,2010,0
67,South Africa-France,72.0,88.0,65.0,73.56140350877193,69.67307692307692,77.67105263157895,69.28205128205128,78.33333333333333,63.41025641025641,66.19736842105263,2010,2
68,Nigeria-South Korea,73.0,65.55555555555556,69.66666666666667,70.85185185185185,59.95833333333334,65.55555555555556,67.80555555555556,66.03703703703704,63.02777777777777,64.1111111111111,2010,1
69,South Korea-Nigeria,65.55555555555556,73.0,70.85185185185185,69.66666666666667,65.55555555555556,59.95833333333334,66.03703703703704,67.80555555555556,64.1111111111111,63.02777777777777,2010,1
70,Greece-Argentina,74.0,80.0,73.66666666666667,83.0,70.75,76.75,75.66666666666667,75.23809523809524,63.916666666666664,65.64285714285715,2010,0
71,Argentina-Greece,80.0,74.0,83.0,73.66666666666667,76.75,70.75,75.23809523809524,75.66666666666667,65.64285714285715,63.916666666666664,2010,2
72,Slovenia-England,88.0,70.0,74.8030303030303,76.33333333333333,74.0,75.25,73.66666666666667,71.66666666666667,65.83333333333333,65.82407407407408,2010,0
73,England-Slovenia,70.0,88.0,76.33333333333333,74.8030303030303,75.25,74.0,71.66666666666667,73.66666666666667,65.82407407407408,65.83333333333333,2010,2
74,United States-Algeria,73.0,81.0,70.66666666666667,69.45,74.0,72.0875,74.36842105263158,72.0,65.44298245614037,64.8625,2010,2
75,Algeria-United States,81.0,73.0,69.45,70.66666666666667,72.0875,74.0,72.0,74.36842105263158,64.8625,65.44298245614037,2010,0
76,Ghana-Germany,72.0,89.0,69.0,69.66666666666667,80.5,86.25,71.66666666666667,79.66666666666667,64.7063492063492,70.15873015873017,2010,0
77,Germany-Ghana,89.0,72.0,69.66666666666667,69.0,86.25,80.5,79.66666666666667,71.66666666666667,70.15873015873017,64.7063492063492,2010,2
78,Australia-Serbia,71.0,74.0,67.7121212121212,72.0,67.5,73.0,72.0,74.33333333333333,63.416666666666664,65.93333333333332,2010,2
79,Serbia-Australia,74.0,71.0,72.0,67.7121212121212,73.0,67.5,74.33333333333333,72.0,65.93333333333332,63.416666666666664,2010,0
80,Slovakia-Italy,85.0,88.0,68.66666666666667,76.33333333333333,75.0,75.0,74.0,84.0,65.10984848484848,67.41666666666667,2010,2
81,Italy-Slovakia,88.0,85.0,76.33333333333333,68.66666666666667,75.0,75.0,84.0,74.0,67.41666666666667,65.10984848484848,2010,0
82,Paraguay-New Zealand,77.0,65.0,71.48148148148148,71.0,71.75,68.75,75.33333333333333,74.0,66.59722222222221,60.333333333333336,2010,1
83,New Zealand-Paraguay,65.0,77.0,71.0,71.48148148148148,68.75,71.75,74.0,75.33333333333333,60.333333333333336,66.59722222222221,2010,1
84,Denmark-Japan,73.0,62.30769230769231,67.66666666666667,72.43589743589745,74.5,62.15384615384615,71.0,69.87179487179488,61.26515151515152,57.93589743589743,2010,0
85,Japan-Denmark,62.30769230769231,73.0,72.43589743589745,67.66666666666667,62.15384615384615,74.5,69.87179487179488,71.0,57.93589743589743,61.26515151515152,2010,2
86,Cameroon-Netherlands,74.0,76.0,75.97777777777777,80.33333333333333,73.2,71.875,77.0,73.58333333333333,67.14444444444445,66.83333333333333,2010,0
87,Netherlands-Cameroon,76.0,74.0,80.33333333333333,75.97777777777777,71.875,73.2,73.58333333333333,77.0,66.83333333333333,67.14444444444445,2010,2
88,Portugal-Brazil,76.0,76.0,71.34920634920634,75.77777777777777,71.5,77.58333333333333,81.66666666666667,81.66666666666667,67.75396825396825,67.08333333333333,2010,1
89,Brazil-Portugal,76.0,76.0,75.77777777777777,71.34920634920634,77.58333333333333,71.5,81.66666666666667,81.66666666666667,67.08333333333333,67.75396825396825,2010,1
90,North Korea-Ivory Coast,63.833333333333336,72.0,67.61111111111111,77.66666666666667,63.833333333333336,70.05357142857142,63.833333333333336,74.35714285714285,62.88888888888891,66.94642857142857,2010,0
91,Ivory Coast-North Korea,72.0,63.833333333333336,77.66666666666667,67.61111111111111,70.05357142857142,63.833333333333336,74.35714285714285,63.833333333333336,66.94642857142857,62.88888888888891,2010,2
92,Chile-Spain,72.0,72.0,76.33333333333333,79.66666666666667,79.25,81.0,73.33333333333333,87.33333333333333,64.05952380952381,65.91666666666667,2010,0
93,Spain-Chile,72.0,72.0,79.66666666666667,76.33333333333333,81.0,79.25,87.33333333333333,73.33333333333333,65.91666666666667,64.05952380952381,2010,2
94,Switzerland-Honduras,75.0,74.0,72.8030303030303,71.71111111111111,76.75,75.81666666666666,75.66666666666667,69.08888888888889,64.08333333333333,65.86666666666666,2010,1
95,Honduras-Switzerland,74.0,75.0,71.71111111111111,72.8030303030303,75.81666666666666,76.75,69.08888888888889,75.66666666666667,65.86666666666666,64.08333333333333,2010,1
96,Uruguay-South Korea,81.0,65.55555555555556,77.66666666666667,70.85185185185185,77.26388888888889,65.55555555555556,76.0,66.03703703703704,65.26851851851852,64.1111111111111,2010,2
97,South Korea-Uruguay,65.55555555555556,81.0,70.85185185185185,77.66666666666667,65.55555555555556,77.26388888888889,66.03703703703704,76.0,64.1111111111111,65.26851851851852,2010,0
98,United States-Ghana,73.0,72.0,70.66666666666667,69.0,74.0,80.5,74.36842105263158,71.66666666666667,65.44298245614037,64.7063492063492,2010,0
99,Ghana-United States,72.0,73.0,69.0,70.66666666666667,80.5,74.0,71.66666666666667,74.36842105263158,64.7063492063492,65.44298245614037,2010,2
100,Germany-England,89.0,70.0,69.66666666666667,76.33333333333333,86.25,75.25,79.66666666666667,71.66666666666667,70.15873015873017,65.82407407407408,2010,2
101,England-Germany,70.0,89.0,76.33333333333333,69.66666666666667,75.25,86.25,71.66666666666667,79.66666666666667,65.82407407407408,70.15873015873017,2010,0
102,Argentina-Mexico,80.0,71.0,83.0,74.17543859649123,76.75,68.38157894736842,75.23809523809524,74.33333333333333,65.64285714285715,65.50438596491229,2010,2
103,Mexico-Argentina,71.0,80.0,74.17543859649123,83.0,68.38157894736842,76.75,74.33333333333333,75.23809523809524,65.50438596491229,65.64285714285715,2010,0
104,Netherlands-Slovakia,76.0,85.0,80.33333333333333,68.66666666666667,71.875,75.0,73.58333333333333,74.0,66.83333333333333,65.10984848484848,2010,2
105,Slovakia-Netherlands,85.0,76.0,68.66666666666667,80.33333333333333,75.0,71.875,74.0,73.58333333333333,65.10984848484848,66.83333333333333,2010,0
106,Brazil-Chile,76.0,72.0,75.77777777777777,76.33333333333333,77.58333333333333,79.25,81.66666666666667,73.33333333333333,67.08333333333333,64.05952380952381,2010,2
107,Chile-Brazil,72.0,76.0,76.33333333333333,75.77777777777777,79.25,77.58333333333333,73.33333333333333,81.66666666666667,64.05952380952381,67.08333333333333,2010,0
108,Paraguay-Japan,77.0,62.30769230769231,71.48148148148148,72.43589743589745,71.75,62.15384615384615,75.33333333333333,69.87179487179488,66.59722222222221,57.93589743589743,2010,1
109,Japan-Paraguay,62.30769230769231,77.0,72.43589743589745,71.48148148148148,62.15384615384615,71.75,69.87179487179488,75.33333333333333,57.93589743589743,66.59722222222221,2010,1
110,Spain-Portugal,72.0,76.0,79.66666666666667,71.34920634920634,81.0,71.5,87.33333333333333,81.66666666666667,65.91666666666667,67.75396825396825,2010,2
111,Portugal-Spain,76.0,72.0,71.34920634920634,79.66666666666667,71.5,81.0,81.66666666666667,87.33333333333333,67.75396825396825,65.91666666666667,2010,0
112,Netherlands-Brazil,76.0,76.0,80.33333333333333,75.77777777777777,71.875,77.58333333333333,73.58333333333333,81.66666666666667,66.83333333333333,67.08333333333333,2010,2
113,Brazil-Netherlands,76.0,76.0,75.77777777777777,80.33333333333333,77.58333333333333,71.875,81.66666666666667,73.58333333333333,67.08333333333333,66.83333333333333,2010,0
114,Uruguay-Ghana,81.0,72.0,77.66666666666667,69.0,77.26388888888889,80.5,76.0,71.66666666666667,65.26851851851852,64.7063492063492,2010,1
115,Ghana-Uruguay,72.0,81.0,69.0,77.66666666666667,80.5,77.26388888888889,71.66666666666667,76.0,64.7063492063492,65.26851851851852,2010,1
116,Argentina-Germany,80.0,89.0,83.0,69.66666666666667,76.75,86.25,75.23809523809524,79.66666666666667,65.64285714285715,70.15873015873017,2010,0
117,Germany-Argentina,89.0,80.0,69.66666666666667,83.0,86.25,76.75,79.66666666666667,75.23809523809524,70.15873015873017,65.64285714285715,2010,2
118,Paraguay-Spain,77.0,72.0,71.48148148148148,79.66666666666667,71.75,81.0,75.33333333333333,87.33333333333333,66.59722222222221,65.91666666666667,2010,0
119,Spain-Paraguay,72.0,77.0,79.66666666666667,71.48148148148148,81.0,71.75,87.33333333333333,75.33333333333333,65.91666666666667,66.59722222222221,2010,2
120,Uruguay-Netherlands,81.0,76.0,77.66666666666667,80.33333333333333,77.26388888888889,71.875,76.0,73.58333333333333,65.26851851851852,66.83333333333333,2010,0
121,Netherlands-Uruguay,76.0,81.0,80.33333333333333,77.66666666666667,71.875,77.26388888888889,73.58333333333333,76.0,66.83333333333333,65.26851851851852,2010,2
122,Germany-Spain,89.0,72.0,69.66666666666667,79.66666666666667,86.25,81.0,79.66666666666667,87.33333333333333,70.15873015873017,65.91666666666667,2010,0
123,Spain-Germany,72.0,89.0,79.66666666666667,69.66666666666667,81.0,86.25,87.33333333333333,79.66666666666667,65.91666666666667,70.15873015873017,2010,2
124,Uruguay-Germany,81.0,89.0,77.66666666666667,69.66666666666667,77.26388888888889,86.25,76.0,79.66666666666667,65.26851851851852,70.15873015873017,2010,0
125,Germany-Uruguay,89.0,81.0,69.66666666666667,77.66666666666667,86.25,77.26388888888889,79.66666666666667,76.0,70.15873015873017,65.26851851851852,2010,2
126,Netherlands-Spain,76.0,72.0,80.33333333333333,79.66666666666667,71.875,81.0,73.58333333333333,87.33333333333333,66.83333333333333,65.91666666666667,2010,0
127,Spain-Netherlands,72.0,76.0,79.66666666666667,80.33333333333333,81.0,71.875,87.33333333333333,73.58333333333333,65.91666666666667,66.83333333333333,2010,2
0,Brazil-Croatia,73.0,82.0,83.33333333333333,79.0,83.0,86.5,85.0,81.33333333333333,68.43939393939394,71.74621212121212,2014,2
1,Croatia-Brazil,82.0,73.0,79.0,83.33333333333333,86.5,83.0,81.33333333333333,85.0,71.74621212121212,68.43939393939394,2014,0
2,Mexico-Cameroon,69.0,69.11764705882354,76.66666666666667,75.37254901960785,78.75,71.83823529411765,72.66666666666667,76.0,66.16666666666667,64.92647058823529,2014,2
3,Cameroon-Mexico,69.11764705882354,69.0,75.37254901960785,76.66666666666667,71.83823529411765,78.75,76.0,72.66666666666667,64.92647058823529,66.16666666666667,2014,0
4,Spain-Netherlands,91.0,76.0,79.66666666666667,82.0,84.5,77.25,88.33333333333333,80.66666666666667,68.83333333333333,71.7840909090909,2014,0
5,Netherlands-Spain,76.0,91.0,82.0,79.66666666666667,77.25,84.5,80.66666666666667,88.33333333333333,71.7840909090909,68.83333333333333,2014,2
6,Chile-Australia,73.0,80.0,74.0,69.33333333333333,77.75,74.5,75.0,71.0,63.166666666666664,65.83333333333333,2014,2
7,Australia-Chile,80.0,73.0,69.33333333333333,74.0,74.5,77.75,71.0,75.0,65.83333333333333,63.166666666666664,2014,0
8,Colombia-Greece,79.0,78.0,75.66666666666667,67.66666666666667,72.0,75.0,75.0,76.66666666666667,63.63492063492064,67.41666666666667,2014,2
9,Greece-Colombia,78.0,79.0,67.66666666666667,75.66666666666667,75.0,72.0,76.66666666666667,75.0,67.41666666666667,63.63492063492064,2014,0
10,Uruguay-Costa Rica,81.0,69.0,82.33333333333333,67.8,77.03571428571428,73.5,80.0,74.0,63.345238095238095,63.48333333333333,2014,0
11,Costa Rica-Uruguay,69.0,81.0,67.8,82.33333333333333,73.5,77.03571428571428,74.0,80.0,63.48333333333333,63.345238095238095,2014,2
12,England-Italy,79.0,88.0,74.0,85.66666666666667,82.5,82.75,79.66666666666667,86.33333333333333,74.47348484848486,74.75,2014,0
13,Italy-England,88.0,79.0,85.66666666666667,74.0,82.75,82.5,86.33333333333333,79.66666666666667,74.75,74.47348484848486,2014,2
14,Ivory Coast-Japan,86.0,63.0,78.33333333333333,63.0,71.59375,62.5,76.125,73.66666666666667,69.07291666666667,60.5,2014,2
15,Japan-Ivory Coast,63.0,86.0,63.0,78.33333333333333,62.5,71.59375,73.66666666666667,76.125,60.5,69.07291666666667,2014,0
16,Switzerland-Ecuador,84.0,76.0,76.0,73.74074074074075,79.0,73.5,76.54545454545455,72.14814814814815,73.5,69.2037037037037,2014,2
17,Ecuador-Switzerland,76.0,84.0,73.74074074074075,76.0,73.5,79.0,72.14814814814815,76.54545454545455,69.2037037037037,73.5,2014,0
18,France-Honduras,88.0,72.0,85.66666666666667,67.33333333333333,82.75,76.5,83.0,68.39999999999999,74.33333333333333,63.36666666666667,2014,2
19,Honduras-France,72.0,88.0,67.33333333333333,85.66666666666667,76.5,82.75,68.39999999999999,83.0,63.36666666666667,74.33333333333333,2014,0
20,Argentina-Bosnia and Herzegovina,80.0,78.0,85.0,81.66666666666667,80.25,79.75,77.14285714285715,76.87878787878788,72.53571428571429,70.33333333333333,2014,2
21,Bosnia and Herzegovina-Argentina,78.0,80.0,81.66666666666667,85.0,79.75,80.25,76.87878787878788,77.14285714285715,70.33333333333333,72.53571428571429,2014,0
22,Germany-Portugal,89.0,83.0,80.0,73.6984126984127,85.5,78.25,85.0,79.66666666666667,74.91666666666667,68.66666666666667,2014,2
23,Portugal-Germany,83.0,89.0,73.6984126984127,80.0,78.25,85.5,79.66666666666667,85.0,68.66666666666667,74.91666666666667,2014,0
24,Iran-Nigeria,80.0,73.0,73.33333333333333,73.31111111111112,69.61666666666667,75.25,69.82222222222222,72.31111111111112,65.56666666666668,68.38333333333334,2014,1
25,Nigeria-Iran,73.0,80.0,73.31111111111112,73.33333333333333,75.25,69.61666666666667,72.31111111111112,69.82222222222222,68.38333333333334,65.56666666666668,2014,1
26,Ghana-United States,68.0,73.0,77.0,69.66666666666667,76.75,74.0,71.66666666666667,77.66666666666667,68.0,68.76136363636364,2014,0
27,United States-Ghana,73.0,68.0,69.66666666666667,77.0,74.0,76.75,77.66666666666667,71.66666666666667,68.76136363636364,68.0,2014,2
28,Belgium-Algeria,89.0,72.85,78.66666666666667,74.0,86.54761904761905,81.75,86.33333333333333,78.0,74.26587301587301,68.30833333333334,2014,2
29,Algeria-Belgium,72.85,89.0,74.0,78.66666666666667,81.75,86.54761904761905,78.0,86.33333333333333,68.30833333333334,74.26587301587301,2014,0
30,Brazil-Mexico,73.0,69.0,83.33333333333333,76.66666666666667,83.0,78.75,85.0,72.66666666666667,68.43939393939394,66.16666666666667,2014,1
31,Mexico-Brazil,69.0,73.0,76.66666666666667,83.33333333333333,78.75,83.0,72.66666666666667,85.0,66.16666666666667,68.43939393939394,2014,1
32,Russia-South Korea,80.0,65.3,77.26190476190476,70.10000000000001,76.14285714285714,66.475,74.85714285714286,67.43333333333334,73.26190476190477,63.17499999999999,2014,1
33,South Korea-Russia,65.3,80.0,70.10000000000001,77.26190476190476,66.475,76.14285714285714,67.43333333333334,74.85714285714286,63.17499999999999,73.26190476190477,2014,1
34,Australia-Netherlands,80.0,76.0,69.33333333333333,82.0,74.5,77.25,71.0,80.66666666666667,65.83333333333333,71.7840909090909,2014,0
35,Netherlands-Australia,76.0,80.0,82.0,69.33333333333333,77.25,74.5,80.66666666666667,71.0,71.7840909090909,65.83333333333333,2014,2
36,Spain-Chile,91.0,73.0,79.66666666666667,74.0,84.5,77.75,88.33333333333333,75.0,68.83333333333333,63.166666666666664,2014,0
37,Chile-Spain,73.0,91.0,74.0,79.66666666666667,77.75,84.5,75.0,88.33333333333333,63.166666666666664,68.83333333333333,2014,2
38,Cameroon-Croatia,69.11764705882354,82.0,75.37254901960785,79.0,71.83823529411765,86.5,76.0,81.33333333333333,64.92647058823529,71.74621212121212,2014,0
39,Croatia-Cameroon,82.0,69.11764705882354,79.0,75.37254901960785,86.5,71.83823529411765,81.33333333333333,76.0,71.74621212121212,64.92647058823529,2014,2
40,Colombia-Ivory Coast,79.0,86.0,75.66666666666667,78.33333333333333,72.0,71.59375,75.0,76.125,63.63492063492064,69.07291666666667,2014,2
41,Ivory Coast-Colombia,86.0,79.0,78.33333333333333,75.66666666666667,71.59375,72.0,76.125,75.0,69.07291666666667,63.63492063492064,2014,0
42,Uruguay-England,81.0,79.0,82.33333333333333,74.0,77.03571428571428,82.5,80.0,79.66666666666667,63.345238095238095,74.47348484848486,2014,2
43,England-Uruguay,79.0,81.0,74.0,82.33333333333333,82.5,77.03571428571428,79.66666666666667,80.0,74.47348484848486,63.345238095238095,2014,0
44,Japan-Greece,63.0,78.0,63.0,67.66666666666667,62.5,75.0,73.66666666666667,76.66666666666667,60.5,67.41666666666667,2014,1
45,Greece-Japan,78.0,63.0,67.66666666666667,63.0,75.0,62.5,76.66666666666667,73.66666666666667,67.41666666666667,60.5,2014,1
46,Italy-Costa Rica,88.0,69.0,85.66666666666667,67.8,82.75,73.5,86.33333333333333,74.0,74.75,63.48333333333333,2014,0
47,Costa Rica-Italy,69.0,88.0,67.8,85.66666666666667,73.5,82.75,74.0,86.33333333333333,63.48333333333333,74.75,2014,2
48,Switzerland-France,84.0,88.0,76.0,85.66666666666667,79.0,82.75,76.54545454545455,83.0,73.5,74.33333333333333,2014,0
49,France-Switzerland,88.0,84.0,85.66666666666667,76.0,82.75,79.0,83.0,76.54545454545455,74.33333333333333,73.5,2014,2
50,Honduras-Ecuador,72.0,76.0,67.33333333333333,73.74074074074075,76.5,73.5,68.39999999999999,72.14814814814815,63.36666666666667,69.2037037037037,2014,0
51,Ecuador-Honduras,76.0,72.0,73.74074074074075,67.33333333333333,73.5,76.5,72.14814814814815,68.39999999999999,69.2037037037037,63.36666666666667,2014,2
52,Argentina-Iran,80.0,80.0,85.0,73.33333333333333,80.25,69.61666666666667,77.14285714285715,69.82222222222222,72.53571428571429,65.56666666666668,2014,2
53,Iran-Argentina,80.0,80.0,73.33333333333333,85.0,69.61666666666667,80.25,69.82222222222222,77.14285714285715,65.56666666666668,72.53571428571429,2014,0
54,Germany-Ghana,89.0,68.0,80.0,77.0,85.5,76.75,85.0,71.66666666666667,74.91666666666667,68.0,2014,1
55,Ghana-Germany,68.0,89.0,77.0,80.0,76.75,85.5,71.66666666666667,85.0,68.0,74.91666666666667,2014,1
56,Nigeria-Bosnia and Herzegovina,73.0,78.0,73.31111111111112,81.66666666666667,75.25,79.75,72.31111111111112,76.87878787878788,68.38333333333334,70.33333333333333,2014,2
57,Bosnia and Herzegovina-Nigeria,78.0,73.0,81.66666666666667,73.31111111111112,79.75,75.25,76.87878787878788,72.31111111111112,70.33333333333333,68.38333333333334,2014,0
58,Belgium-Russia,89.0,80.0,78.66666666666667,77.26190476190476,86.54761904761905,76.14285714285714,86.33333333333333,74.85714285714286,74.26587301587301,73.26190476190477,2014,2
59,Russia-Belgium,80.0,89.0,77.26190476190476,78.66666666666667,76.14285714285714,86.54761904761905,74.85714285714286,86.33333333333333,73.26190476190477,74.26587301587301,2014,0
60,South Korea-Algeria,65.3,72.85,70.10000000000001,74.0,66.475,81.75,67.43333333333334,78.0,63.17499999999999,68.30833333333334,2014,0
61,Algeria-South Korea,72.85,65.3,74.0,70.10000000000001,81.75,66.475,78.0,67.43333333333334,68.30833333333334,63.17499999999999,2014,2
62,United States-Portugal,73.0,83.0,69.66666666666667,73.6984126984127,74.0,78.25,77.66666666666667,79.66666666666667,68.76136363636364,68.66666666666667,2014,1
63,Portugal-United States,83.0,73.0,73.6984126984127,69.66666666666667,78.25,74.0,79.66666666666667,77.66666666666667,68.66666666666667,68.76136363636364,2014,1
64,Australia-Spain,80.0,91.0,69.33333333333333,79.66666666666667,74.5,84.5,71.0,88.33333333333333,65.83333333333333,68.83333333333333,2014,0
65,Spain-Australia,91.0,80.0,79.66666666666667,69.33333333333333,84.5,74.5,88.33333333333333,71.0,68.83333333333333,65.83333333333333,2014,2
66,Netherlands-Chile,76.0,73.0,82.0,74.0,77.25,77.75,80.66666666666667,75.0,71.7840909090909,63.166666666666664,2014,2
67,Chile-Netherlands,73.0,76.0,74.0,82.0,77.75,77.25,75.0,80.66666666666667,63.166666666666664,71.7840909090909,2014,0
68,Cameroon-Brazil,69.11764705882354,73.0,75.37254901960785,83.33333333333333,71.83823529411765,83.0,76.0,85.0,64.92647058823529,68.43939393939394,2014,0
69,Brazil-Cameroon,73.0,69.11764705882354,83.33333333333333,75.37254901960785,83.0,71.83823529411765,85.0,76.0,68.43939393939394,64.92647058823529,2014,2
70,Croatia-Mexico,82.0,69.0,79.0,76.66666666666667,86.5,78.75,81.33333333333333,72.66666666666667,71.74621212121212,66.16666666666667,2014,0
71,Mexico-Croatia,69.0,82.0,76.66666666666667,79.0,78.75,86.5,72.66666666666667,81.33333333333333,66.16666666666667,71.74621212121212,2014,2
72,Italy-Uruguay,88.0,81.0,85.66666666666667,82.33333333333333,82.75,77.03571428571428,86.33333333333333,80.0,74.75,63.345238095238095,2014,0
73,Uruguay-Italy,81.0,88.0,82.33333333333333,85.66666666666667,77.03571428571428,82.75,80.0,86.33333333333333,63.345238095238095,74.75,2014,2
74,Costa Rica-England,69.0,79.0,67.8,74.0,73.5,82.5,74.0,79.66666666666667,63.48333333333333,74.47348484848486,2014,1
75,England-Costa Rica,79.0,69.0,74.0,67.8,82.5,73.5,79.66666666666667,74.0,74.47348484848486,63.48333333333333,2014,1
76,Japan-Colombia,63.0,79.0,63.0,75.66666666666667,62.5,72.0,73.66666666666667,75.0,60.5,63.63492063492064,2014,0
77,Colombia-Japan,79.0,63.0,75.66666666666667,63.0,72.0,62.5,75.0,73.66666666666667,63.63492063492064,60.5,2014,2
78,Greece-Ivory Coast,78.0,86.0,67.66666666666667,78.33333333333333,75.0,71.59375,76.66666666666667,76.125,67.41666666666667,69.07291666666667,2014,2
79,Ivory Coast-Greece,86.0,78.0,78.33333333333333,67.66666666666667,71.59375,75.0,76.125,76.66666666666667,69.07291666666667,67.41666666666667,2014,0
80,Nigeria-Argentina,73.0,80.0,73.31111111111112,85.0,75.25,80.25,72.31111111111112,77.14285714285715,68.38333333333334,72.53571428571429,2014,0
81,Argentina-Nigeria,80.0,73.0,85.0,73.31111111111112,80.25,75.25,77.14285714285715,72.31111111111112,72.53571428571429,68.38333333333334,2014,2
82,Bosnia and Herzegovina-Iran,78.0,80.0,81.66666666666667,73.33333333333333,79.75,69.61666666666667,76.87878787878788,69.82222222222222,70.33333333333333,65.56666666666668,2014,2
83,Iran-Bosnia and Herzegovina,80.0,78.0,73.33333333333333,81.66666666666667,69.61666666666667,79.75,69.82222222222222,76.87878787878788,65.56666666666668,70.33333333333333,2014,0
84,Honduras-Switzerland,72.0,84.0,67.33333333333333,76.0,76.5,79.0,68.39999999999999,76.54545454545455,63.36666666666667,73.5,2014,0
85,Switzerland-Honduras,84.0,72.0,76.0,67.33333333333333,79.0,76.5,76.54545454545455,68.39999999999999,73.5,63.36666666666667,2014,2
86,Ecuador-France,76.0,88.0,73.74074074074075,85.66666666666667,73.5,82.75,72.14814814814815,83.0,69.2037037037037,74.33333333333333,2014,1
87,France-Ecuador,88.0,76.0,85.66666666666667,73.74074074074075,82.75,73.5,83.0,72.14814814814815,74.33333333333333,69.2037037037037,2014,1
88,United States-Germany,73.0,89.0,69.66666666666667,80.0,74.0,85.5,77.66666666666667,85.0,68.76136363636364,74.91666666666667,2014,0
89,Germany-United States,89.0,73.0,80.0,69.66666666666667,85.5,74.0,85.0,77.66666666666667,74.91666666666667,68.76136363636364,2014,2
90,Portugal-Ghana,83.0,68.0,73.6984126984127,77.0,78.25,76.75,79.66666666666667,71.66666666666667,68.66666666666667,68.0,2014,2
91,Ghana-Portugal,68.0,83.0,77.0,73.6984126984127,76.75,78.25,71.66666666666667,79.66666666666667,68.0,68.66666666666667,2014,0
92,South Korea-Belgium,65.3,89.0,70.10000000000001,78.66666666666667,66.475,86.54761904761905,67.43333333333334,86.33333333333333,63.17499999999999,74.26587301587301,2014,0
93,Belgium-South Korea,89.0,65.3,78.66666666666667,70.10000000000001,86.54761904761905,66.475,86.33333333333333,67.43333333333334,74.26587301587301,63.17499999999999,2014,2
94,Algeria-Russia,72.85,80.0,74.0,77.26190476190476,81.75,76.14285714285714,78.0,74.85714285714286,68.30833333333334,73.26190476190477,2014,1
95,Russia-Algeria,80.0,72.85,77.26190476190476,74.0,76.14285714285714,81.75,74.85714285714286,78.0,73.26190476190477,68.30833333333334,2014,1
96,Brazil-Chile,73.0,73.0,83.33333333333333,74.0,83.0,77.75,85.0,75.0,68.43939393939394,63.166666666666664,2014,1
97,Chile-Brazil,73.0,73.0,74.0,83.33333333333333,77.75,83.0,75.0,85.0,63.166666666666664,68.43939393939394,2014,1
98,Colombia-Uruguay,79.0,81.0,75.66666666666667,82.33333333333333,72.0,77.03571428571428,75.0,80.0,63.63492063492064,63.345238095238095,2014,2
99,Uruguay-Colombia,81.0,79.0,82.33333333333333,75.66666666666667,77.03571428571428,72.0,80.0,75.0,63.345238095238095,63.63492063492064,2014,0
100,France-Nigeria,88.0,73.0,85.66666666666667,73.31111111111112,82.75,75.25,83.0,72.31111111111112,74.33333333333333,68.38333333333334,2014,2
101,Nigeria-France,73.0,88.0,73.31111111111112,85.66666666666667,75.25,82.75,72.31111111111112,83.0,68.38333333333334,74.33333333333333,2014,0
102,Germany-Algeria,89.0,72.85,80.0,74.0,85.5,81.75,85.0,78.0,74.91666666666667,68.30833333333334,2014,2
103,Algeria-Germany,72.85,89.0,74.0,80.0,81.75,85.5,78.0,85.0,68.30833333333334,74.91666666666667,2014,0
104,Brazil-Colombia,73.0,79.0,83.33333333333333,75.66666666666667,83.0,72.0,85.0,75.0,68.43939393939394,63.63492063492064,2014,2
105,Colombia-Brazil,79.0,73.0,75.66666666666667,83.33333333333333,72.0,83.0,75.0,85.0,63.63492063492064,68.43939393939394,2014,0
106,France-Germany,88.0,89.0,85.66666666666667,80.0,82.75,85.5,83.0,85.0,74.33333333333333,74.91666666666667,2014,0
107,Germany-France,89.0,88.0,80.0,85.66666666666667,85.5,82.75,85.0,83.0,74.91666666666667,74.33333333333333,2014,2
108,Brazil-Germany,73.0,89.0,83.33333333333333,80.0,83.0,85.5,85.0,85.0,68.43939393939394,74.91666666666667,2014,0
109,Germany-Brazil,89.0,73.0,80.0,83.33333333333333,85.5,83.0,85.0,85.0,74.91666666666667,68.43939393939394,2014,2
110,Brazil-Netherlands,73.0,76.0,83.33333333333333,82.0,83.0,77.25,85.0,80.66666666666667,68.43939393939394,71.7840909090909,2014,0
111,Netherlands-Brazil,76.0,73.0,82.0,83.33333333333333,77.25,83.0,80.66666666666667,85.0,71.7840909090909,68.43939393939394,2014,2
112,Germany-Argentina,89.0,80.0,80.0,85.0,85.5,80.25,85.0,77.14285714285715,74.91666666666667,72.53571428571429,2014,2
113,Argentina-Germany,80.0,89.0,85.0,80.0,80.25,85.5,77.14285714285715,85.0,72.53571428571429,74.91666666666667,2014,0
114,Netherlands-Argentina,76.0,80.0,82.0,85.0,77.25,80.25,80.66666666666667,77.14285714285715,71.7840909090909,72.53571428571429,2014,1
115,Argentina-Netherlands,80.0,76.0,85.0,82.0,80.25,77.25,77.14285714285715,80.66666666666667,72.53571428571429,71.7840909090909,2014,1
116,Netherlands-Costa Rica,76.0,69.0,82.0,67.8,77.25,73.5,80.66666666666667,74.0,71.7840909090909,63.48333333333333,2014,1
117,Costa Rica-Netherlands,69.0,76.0,67.8,82.0,73.5,77.25,74.0,80.66666666666667,63.48333333333333,71.7840909090909,2014,1
118,Argentina-Belgium,80.0,89.0,85.0,78.66666666666667,80.25,86.54761904761905,77.14285714285715,86.33333333333333,72.53571428571429,74.26587301587301,2014,2
119,Belgium-Argentina,89.0,80.0,78.66666666666667,85.0,86.54761904761905,80.25,86.33333333333333,77.14285714285715,74.26587301587301,72.53571428571429,2014,0
120,Netherlands-Mexico,76.0,69.0,82.0,76.66666666666667,77.25,78.75,80.66666666666667,72.66666666666667,71.7840909090909,66.16666666666667,2014,2
121,Mexico-Netherlands,69.0,76.0,76.66666666666667,82.0,78.75,77.25,72.66666666666667,80.66666666666667,66.16666666666667,71.7840909090909,2014,0
122,Costa Rica-Greece,69.0,78.0,67.8,67.66666666666667,73.5,75.0,74.0,76.66666666666667,63.48333333333333,67.41666666666667,2014,1
123,Greece-Costa Rica,78.0,69.0,67.66666666666667,67.8,75.0,73.5,76.66666666666667,74.0,67.41666666666667,63.48333333333333,2014,1
124,Argentina-Switzerland,80.0,84.0,85.0,76.0,80.25,79.0,77.14285714285715,76.54545454545455,72.53571428571429,73.5,2014,2
125,Switzerland-Argentina,84.0,80.0,76.0,85.0,79.0,80.25,76.54545454545455,77.14285714285715,73.5,72.53571428571429,2014,0
126,Belgium-United States,89.0,73.0,78.66666666666667,69.66666666666667,86.54761904761905,74.0,86.33333333333333,77.66666666666667,74.26587301587301,68.76136363636364,2014,2
127,United States-Belgium,73.0,89.0,69.66666666666667,78.66666666666667,74.0,86.54761904761905,77.66666666666667,86.33333333333333,68.76136363636364,74.26587301587301,2014,0
128,Brazil-Chile,73.0,73.0,83.33333333333333,74.0,83.0,77.75,85.0,75.0,68.43939393939394,63.166666666666664,2014,1
129,Chile-Brazil,73.0,73.0,74.0,83.33333333333333,77.75,83.0,75.0,85.0,63.166666666666664,68.43939393939394,2014,1
130,Colombia-Uruguay,79.0,81.0,75.66666666666667,82.33333333333333,72.0,77.03571428571428,75.0,80.0,63.63492063492064,63.345238095238095,2014,2
131,Uruguay-Colombia,81.0,79.0,82.33333333333333,75.66666666666667,77.03571428571428,72.0,80.0,75.0,63.345238095238095,63.63492063492064,2014,0
132,Netherlands-Mexico,76.0,69.0,82.0,76.66666666666667,77.25,78.75,80.66666666666667,72.66666666666667,71.7840909090909,66.16666666666667,2014,2
133,Mexico-Netherlands,69.0,76.0,76.66666666666667,82.0,78.75,77.25,72.66666666666667,80.66666666666667,66.16666666666667,71.7840909090909,2014,0
134,Costa Rica-Greece,69.0,78.0,67.8,67.66666666666667,73.5,75.0,74.0,76.66666666666667,63.48333333333333,67.41666666666667,2014,1
135,Greece-Costa Rica,78.0,69.0,67.66666666666667,67.8,75.0,73.5,76.66666666666667,74.0,67.41666666666667,63.48333333333333,2014,1
136,France-Nigeria,88.0,73.0,85.66666666666667,73.31111111111112,82.75,75.25,83.0,72.31111111111112,74.33333333333333,68.38333333333334,2014,2
137,Nigeria-France,73.0,88.0,73.31111111111112,85.66666666666667,75.25,82.75,72.31111111111112,83.0,68.38333333333334,74.33333333333333,2014,0
138,Germany-Algeria,89.0,72.85,80.0,74.0,85.5,81.75,85.0,78.0,74.91666666666667,68.30833333333334,2014,2
139,Algeria-Germany,72.85,89.0,74.0,80.0,81.75,85.5,78.0,85.0,68.30833333333334,74.91666666666667,2014,0
140,Argentina-Switzerland,80.0,84.0,85.0,76.0,80.25,79.0,77.14285714285715,76.54545454545455,72.53571428571429,73.5,2014,2
141,Switzerland-Argentina,84.0,80.0,76.0,85.0,79.0,80.25,76.54545454545455,77.14285714285715,73.5,72.53571428571429,2014,0
142,Belgium-United States,89.0,73.0,78.66666666666667,69.66666666666667,86.54761904761905,74.0,86.33333333333333,77.66666666666667,74.26587301587301,68.76136363636364,2014,2
143,United States-Belgium,73.0,89.0,69.66666666666667,78.66666666666667,74.0,86.54761904761905,77.66666666666667,86.33333333333333,68.76136363636364,74.26587301587301,2014,0
144,France-Germany,88.0,89.0,85.66666666666667,80.0,82.75,85.5,83.0,85.0,74.33333333333333,74.91666666666667,2014,0
145,Germany-France,89.0,88.0,80.0,85.66666666666667,85.5,82.75,85.0,83.0,74.91666666666667,74.33333333333333,2014,2
146,Brazil-Colombia,73.0,79.0,83.33333333333333,75.66666666666667,83.0,72.0,85.0,75.0,68.43939393939394,63.63492063492064,2014,2
147,Colombia-Brazil,79.0,73.0,75.66666666666667,83.33333333333333,72.0,83.0,75.0,85.0,63.63492063492064,68.43939393939394,2014,0
148,Argentina-Belgium,80.0,89.0,85.0,78.66666666666667,80.25,86.54761904761905,77.14285714285715,86.33333333333333,72.53571428571429,74.26587301587301,2014,2
149,Belgium-Argentina,89.0,80.0,78.66666666666667,85.0,86.54761904761905,80.25,86.33333333333333,77.14285714285715,74.26587301587301,72.53571428571429,2014,0
150,Netherlands-Costa Rica,76.0,69.0,82.0,67.8,77.25,73.5,80.66666666666667,74.0,71.7840909090909,63.48333333333333,2014,1
151,Costa Rica-Netherlands,69.0,76.0,67.8,82.0,73.5,77.25,74.0,80.66666666666667,63.48333333333333,71.7840909090909,2014,1
152,Brazil-Germany,73.0,89.0,83.33333333333333,80.0,83.0,85.5,85.0,85.0,68.43939393939394,74.91666666666667,2014,0
153,Germany-Brazil,89.0,73.0,80.0,83.33333333333333,85.5,83.0,85.0,85.0,74.91666666666667,68.43939393939394,2014,2
154,Netherlands-Argentina,76.0,80.0,82.0,85.0,77.25,80.25,80.66666666666667,77.14285714285715,71.7840909090909,72.53571428571429,2014,1
155,Argentina-Netherlands,80.0,76.0,85.0,82.0,80.25,77.25,77.14285714285715,80.66666666666667,72.53571428571429,71.7840909090909,2014,1
156,Brazil-Netherlands,73.0,76.0,83.33333333333333,82.0,83.0,77.25,85.0,80.66666666666667,68.43939393939394,71.7840909090909,2014,0
157,Netherlands-Brazil,76.0,73.0,82.0,83.33333333333333,77.25,83.0,80.66666666666667,85.0,71.7840909090909,68.43939393939394,2014,2
158,Germany-Argentina,89.0,80.0,80.0,85.0,85.5,80.25,85.0,77.14285714285715,74.91666666666667,72.53571428571429,2014,2
159,Argentina-Germany,80.0,89.0,85.0,80.0,80.25,85.5,77.14285714285715,85.0,72.53571428571429,74.91666666666667,2014,0
0,Russia-Saudi Arabia,80.0,71.0,68.0,64.33333333333333,78.0,72.25,75.8,71.66666666666667,72.2,65.83333333333333,2018,2
1,Saudi Arabia-Russia,71.0,80.0,64.33333333333333,68.0,72.25,78.0,71.66666666666667,75.8,65.83333333333333,72.2,2018,0
2,Egypt-Uruguay,70.52631578947368,81.0,79.0,80.96969696969697,74.0,75.5,72.35087719298245,80.0,66.79385964912281,63.75,2018,0
3,Uruguay-Egypt,81.0,70.52631578947368,80.96969696969697,79.0,75.5,74.0,80.0,72.35087719298245,63.75,66.79385964912281,2018,2
4,Morocco-Iran,79.0,73.0,70.33333333333333,75.33333333333333,79.75,68.58333333333333,76.0,70.1111111111111,70.95075757575758,63.75,2018,0
5,Iran-Morocco,73.0,79.0,75.33333333333333,70.33333333333333,68.58333333333333,79.75,70.1111111111111,76.0,63.75,70.95075757575758,2018,2
6,Portugal-Spain,85.0,91.0,79.51515151515152,83.33333333333333,82.0,86.5,81.66666666666667,88.33333333333333,70.08333333333333,72.91666666666667,2018,1
7,Spain-Portugal,91.0,85.0,83.33333333333333,79.51515151515152,86.5,82.0,88.33333333333333,81.66666666666667,72.91666666666667,70.08333333333333,2018,1
8,France-Australia,88.0,80.0,87.0,72.33333333333333,86.25,74.5,85.33333333333333,73.66666666666667,81.0,70.0,2018,2
9,Australia-France,80.0,88.0,72.33333333333333,87.0,74.5,86.25,73.66666666666667,85.33333333333333,70.0,81.0,2018,0
10,Argentina-Iceland,80.0,70.0,88.33333333333333,71.66666666666667,81.75,76.5,81.66666666666667,73.0,76.04545454545455,67.08333333333333,2018,1
11,Iceland-Argentina,70.0,80.0,71.66666666666667,88.33333333333333,76.5,81.75,73.0,81.66666666666667,67.08333333333333,76.04545454545455,2018,1
12,Peru-Denmark,73.0,83.0,74.66666666666667,78.33333333333333,71.06578947368422,76.75,72.33333333333333,76.66666666666667,65.02192982456141,69.08333333333333,2018,0
13,Denmark-Peru,83.0,73.0,78.33333333333333,74.66666666666667,76.75,71.06578947368422,76.66666666666667,72.33333333333333,69.08333333333333,65.02192982456141,2018,2
14,Croatia-Nigeria,82.0,70.9,84.33333333333333,76.66666666666667,85.5,75.5,81.33333333333333,73.66666666666667,75.83333333333333,67.23333333333333,2018,2
15,Nigeria-Croatia,70.9,82.0,76.66666666666667,84.33333333333333,75.5,85.5,73.66666666666667,81.33333333333333,67.23333333333333,75.83333333333333,2018,0
16,Costa Rica-Serbia,69.0,79.0,66.33333333333333,78.66666666666667,74.0,82.25,74.33333333333333,77.66666666666667,65.22916666666667,71.08333333333333,2018,0
17,Serbia-Costa Rica,79.0,69.0,78.66666666666667,66.33333333333333,82.25,74.0,77.66666666666667,74.33333333333333,71.08333333333333,65.22916666666667,2018,2
18,Germany-Mexico,89.0,69.0,83.66666666666667,79.0,86.25,75.0,86.33333333333333,77.0,81.91666666666667,65.25,2018,0
19,Mexico-Germany,69.0,89.0,79.0,83.66666666666667,75.0,86.25,77.0,86.33333333333333,65.25,81.91666666666667,2018,2
20,Brazil-Switzerland,87.0,84.0,86.66666666666667,75.66666666666667,85.5,79.25,86.66666666666667,78.66666666666667,74.77272727272727,74.8531746031746,2018,1
21,Switzerland-Brazil,84.0,87.0,75.66666666666667,86.66666666666667,79.25,85.5,78.66666666666667,86.66666666666667,74.8531746031746,74.77272727272727,2018,1
22,Sweden-South Korea,78.0,65.7,75.87878787878788,65.56666666666666,77.25,67.1,79.33333333333333,68.56666666666666,72.0,64.55000000000001,2018,2
23,South Korea-Sweden,65.7,78.0,65.56666666666666,75.87878787878788,67.1,77.25,68.56666666666666,79.33333333333333,64.55000000000001,72.0,2018,0
24,Belgium-Panama,89.0,82.0,86.0,70.80392156862744,85.5,72.35294117647058,86.33333333333333,69.47058823529412,78.62301587301587,67.01960784313725,2018,2
25,Panama-Belgium,82.0,89.0,70.80392156862744,86.0,72.35294117647058,85.5,69.47058823529412,86.33333333333333,67.01960784313725,78.62301587301587,2018,0
26,Tunisia-England,71.0,83.0,75.66666666666667,86.66666666666667,66.75,82.25,73.33333333333333,83.0,69.2063492063492,75.08333333333333,2018,0
27,England-Tunisia,83.0,71.0,86.66666666666667,75.66666666666667,82.25,66.75,83.0,73.33333333333333,75.08333333333333,69.2063492063492,2018,2
28,Colombia-Japan,79.0,62.66666666666666,80.0,62.66666666666666,77.5,67.25,80.33333333333333,64.88888888888889,65.25,60.58333333333332,2018,0
29,Japan-Colombia,62.66666666666666,79.0,62.66666666666666,80.0,67.25,77.5,64.88888888888889,80.33333333333333,60.58333333333332,65.25,2018,2
30,Poland-Senegal,86.0,76.0,82.66666666666667,81.0,76.25,79.25,79.0,80.33333333333333,71.08333333333333,67.75,2018,0
31,Senegal-Poland,76.0,86.0,81.0,82.66666666666667,79.25,76.25,80.33333333333333,79.0,67.75,71.08333333333333,2018,2
32,Russia-Egypt,80.0,70.52631578947368,68.0,79.0,78.0,74.0,75.8,72.35087719298245,72.2,66.79385964912281,2018,2
33,Egypt-Russia,70.52631578947368,80.0,79.0,68.0,74.0,78.0,72.35087719298245,75.8,66.79385964912281,72.2,2018,0
34,Portugal-Morocco,85.0,79.0,79.51515151515152,70.33333333333333,82.0,79.75,81.66666666666667,76.0,70.08333333333333,70.95075757575758,2018,2
35,Morocco-Portugal,79.0,85.0,70.33333333333333,79.51515151515152,79.75,82.0,76.0,81.66666666666667,70.95075757575758,70.08333333333333,2018,0
36,Uruguay-Saudi Arabia,81.0,71.0,80.96969696969697,64.33333333333333,75.5,72.25,80.0,71.66666666666667,63.75,65.83333333333333,2018,2
37,Saudi Arabia-Uruguay,71.0,81.0,64.33333333333333,80.96969696969697,72.25,75.5,71.66666666666667,80.0,65.83333333333333,63.75,2018,0
38,Iran-Spain,73.0,91.0,75.33333333333333,83.33333333333333,68.58333333333333,86.5,70.1111111111111,88.33333333333333,63.75,72.91666666666667,2018,0
39,Spain-Iran,91.0,73.0,83.33333333333333,75.33333333333333,86.5,68.58333333333333,88.33333333333333,70.1111111111111,72.91666666666667,63.75,2018,2
40,Denmark-Australia,83.0,80.0,78.33333333333333,72.33333333333333,76.75,74.5,76.66666666666667,73.66666666666667,69.08333333333333,70.0,2018,1
41,Australia-Denmark,80.0,83.0,72.33333333333333,78.33333333333333,74.5,76.75,73.66666666666667,76.66666666666667,70.0,69.08333333333333,2018,1
42,France-Peru,88.0,73.0,87.0,74.66666666666667,86.25,71.06578947368422,85.33333333333333,72.33333333333333,81.0,65.02192982456141,2018,2
43,Peru-France,73.0,88.0,74.66666666666667,87.0,71.06578947368422,86.25,72.33333333333333,85.33333333333333,65.02192982456141,81.0,2018,0
44,Argentina-Croatia,80.0,82.0,88.33333333333333,84.33333333333333,81.75,85.5,81.66666666666667,81.33333333333333,76.04545454545455,75.83333333333333,2018,0
45,Croatia-Argentina,82.0,80.0,84.33333333333333,88.33333333333333,85.5,81.75,81.33333333333333,81.66666666666667,75.83333333333333,76.04545454545455,2018,2
46,Brazil-Costa Rica,87.0,69.0,86.66666666666667,66.33333333333333,85.5,74.0,86.66666666666667,74.33333333333333,74.77272727272727,65.22916666666667,2018,2
47,Costa Rica-Brazil,69.0,87.0,66.33333333333333,86.66666666666667,74.0,85.5,74.33333333333333,86.66666666666667,65.22916666666667,74.77272727272727,2018,0
48,Nigeria-Iceland,70.9,70.0,76.66666666666667,71.66666666666667,75.5,76.5,73.66666666666667,73.0,67.23333333333333,67.08333333333333,2018,2
49,Iceland-Nigeria,70.0,70.9,71.66666666666667,76.66666666666667,76.5,75.5,73.0,73.66666666666667,67.08333333333333,67.23333333333333,2018,0
50,Serbia-Switzerland,79.0,84.0,78.66666666666667,75.66666666666667,82.25,79.25,77.66666666666667,78.66666666666667,71.08333333333333,74.8531746031746,2018,0
51,Switzerland-Serbia,84.0,79.0,75.66666666666667,78.66666666666667,79.25,82.25,78.66666666666667,77.66666666666667,74.8531746031746,71.08333333333333,2018,2
52,Belgium-Tunisia,89.0,71.0,86.0,75.66666666666667,85.5,66.75,86.33333333333333,73.33333333333333,78.62301587301587,69.2063492063492,2018,2
53,Tunisia-Belgium,71.0,89.0,75.66666666666667,86.0,66.75,85.5,73.33333333333333,86.33333333333333,69.2063492063492,78.62301587301587,2018,0
54,South Korea-Mexico,65.7,69.0,65.56666666666666,79.0,67.1,75.0,68.56666666666666,77.0,64.55000000000001,65.25,2018,0
55,Mexico-South Korea,69.0,65.7,79.0,65.56666666666666,75.0,67.1,77.0,68.56666666666666,65.25,64.55000000000001,2018,2
56,Germany-Sweden,89.0,78.0,83.66666666666667,75.87878787878788,86.25,77.25,86.33333333333333,79.33333333333333,81.91666666666667,72.0,2018,2
57,Sweden-Germany,78.0,89.0,75.87878787878788,83.66666666666667,77.25,86.25,79.33333333333333,86.33333333333333,72.0,81.91666666666667,2018,0
58,England-Panama,83.0,82.0,86.66666666666667,70.80392156862744,82.25,72.35294117647058,83.0,69.47058823529412,75.08333333333333,67.01960784313725,2018,2
59,Panama-England,82.0,83.0,70.80392156862744,86.66666666666667,72.35294117647058,82.25,69.47058823529412,83.0,67.01960784313725,75.08333333333333,2018,0
60,Japan-Senegal,62.66666666666666,76.0,62.66666666666666,81.0,67.25,79.25,64.88888888888889,80.33333333333333,60.58333333333332,67.75,2018,1
61,Senegal-Japan,76.0,62.66666666666666,81.0,62.66666666666666,79.25,67.25,80.33333333333333,64.88888888888889,67.75,60.58333333333332,2018,1
62,Poland-Colombia,86.0,79.0,82.66666666666667,80.0,76.25,77.5,79.0,80.33333333333333,71.08333333333333,65.25,2018,0
63,Colombia-Poland,79.0,86.0,80.0,82.66666666666667,77.5,76.25,80.33333333333333,79.0,65.25,71.08333333333333,2018,2
64,France-Argentina,88.0,80.0,87.0,88.33333333333333,86.25,81.75,85.33333333333333,81.66666666666667,81.0,76.04545454545455,2018,2
65,Argentina-France,80.0,88.0,88.33333333333333,87.0,81.75,86.25,81.66666666666667,85.33333333333333,76.04545454545455,81.0,2018,0
66,Uruguay-Portugal,81.0,85.0,80.96969696969697,79.51515151515152,75.5,82.0,80.0,81.66666666666667,63.75,70.08333333333333,2018,2
67,Portugal-Uruguay,85.0,81.0,79.51515151515152,80.96969696969697,82.0,75.5,81.66666666666667,80.0,70.08333333333333,63.75,2018,0
68,Saudi Arabia-Egypt,71.0,70.52631578947368,64.33333333333333,79.0,72.25,74.0,71.66666666666667,72.35087719298245,65.83333333333333,66.79385964912281,2018,2
69,Egypt-Saudi Arabia,70.52631578947368,71.0,79.0,64.33333333333333,74.0,72.25,72.35087719298245,71.66666666666667,66.79385964912281,65.83333333333333,2018,0
70,Uruguay-Russia,81.0,80.0,80.96969696969697,68.0,75.5,78.0,80.0,75.8,63.75,72.2,2018,2
71,Russia-Uruguay,80.0,81.0,68.0,80.96969696969697,78.0,75.5,75.8,80.0,72.2,63.75,2018,0
72,Iran-Portugal,73.0,85.0,75.33333333333333,79.51515151515152,68.58333333333333,82.0,70.1111111111111,81.66666666666667,63.75,70.08333333333333,2018,1
73,Portugal-Iran,85.0,73.0,79.51515151515152,75.33333333333333,82.0,68.58333333333333,81.66666666666667,70.1111111111111,70.08333333333333,63.75,2018,1
74,Spain-Morocco,91.0,79.0,83.33333333333333,70.33333333333333,86.5,79.75,88.33333333333333,76.0,72.91666666666667,70.95075757575758,2018,1
75,Morocco-Spain,79.0,91.0,70.33333333333333,83.33333333333333,79.75,86.5,76.0,88.33333333333333,70.95075757575758,72.91666666666667,2018,1
76,Australia-Peru,80.0,73.0,72.33333333333333,74.66666666666667,74.5,71.06578947368422,73.66666666666667,72.33333333333333,70.0,65.02192982456141,2018,0
77,Peru-Australia,73.0,80.0,74.66666666666667,72.33333333333333,71.06578947368422,74.5,72.33333333333333,73.66666666666667,65.02192982456141,70.0,2018,2
78,Denmark-France,83.0,88.0,78.33333333333333,87.0,76.75,86.25,76.66666666666667,85.33333333333333,69.08333333333333,81.0,2018,1
79,France-Denmark,88.0,83.0,87.0,78.33333333333333,86.25,76.75,85.33333333333333,76.66666666666667,81.0,69.08333333333333,2018,1
80,Iceland-Croatia,70.0,82.0,71.66666666666667,84.33333333333333,76.5,85.5,73.0,81.33333333333333,67.08333333333333,75.83333333333333,2018,0
81,Croatia-Iceland,82.0,70.0,84.33333333333333,71.66666666666667,85.5,76.5,81.33333333333333,73.0,75.83333333333333,67.08333333333333,2018,2
82,Nigeria-Argentina,70.9,80.0,76.66666666666667,88.33333333333333,75.5,81.75,73.66666666666667,81.66666666666667,67.23333333333333,76.04545454545455,2018,0
83,Argentina-Nigeria,80.0,70.9,88.33333333333333,76.66666666666667,81.75,75.5,81.66666666666667,73.66666666666667,76.04545454545455,67.23333333333333,2018,2
84,Mexico-Sweden,69.0,78.0,79.0,75.87878787878788,75.0,77.25,77.0,79.33333333333333,65.25,72.0,2018,0
85,Sweden-Mexico,78.0,69.0,75.87878787878788,79.0,77.25,75.0,79.33333333333333,77.0,72.0,65.25,2018,2
86,South Korea-Germany,65.7,89.0,65.56666666666666,83.66666666666667,67.1,86.25,68.56666666666666,86.33333333333333,64.55000000000001,81.91666666666667,2018,2
87,Germany-South Korea,89.0,65.7,83.66666666666667,65.56666666666666,86.25,67.1,86.33333333333333,68.56666666666666,81.91666666666667,64.55000000000001,2018,0
88,Serbia-Brazil,79.0,87.0,78.66666666666667,86.66666666666667,82.25,85.5,77.66666666666667,86.66666666666667,71.08333333333333,74.77272727272727,2018,0
89,Brazil-Serbia,87.0,79.0,86.66666666666667,78.66666666666667,85.5,82.25,86.66666666666667,77.66666666666667,74.77272727272727,71.08333333333333,2018,2
90,Switzerland-Costa Rica,84.0,69.0,75.66666666666667,66.33333333333333,79.25,74.0,78.66666666666667,74.33333333333333,74.8531746031746,65.22916666666667,2018,1
91,Costa Rica-Switzerland,69.0,84.0,66.33333333333333,75.66666666666667,74.0,79.25,74.33333333333333,78.66666666666667,65.22916666666667,74.8531746031746,2018,1
92,Japan-Poland,62.66666666666666,86.0,62.66666666666666,82.66666666666667,67.25,76.25,64.88888888888889,79.0,60.58333333333332,71.08333333333333,2018,0
93,Poland-Japan,86.0,62.66666666666666,82.66666666666667,62.66666666666666,76.25,67.25,79.0,64.88888888888889,71.08333333333333,60.58333333333332,2018,2
94,Senegal-Colombia,76.0,79.0,81.0,80.0,79.25,77.5,80.33333333333333,80.33333333333333,67.75,65.25,2018,0
95,Colombia-Senegal,79.0,76.0,80.0,81.0,77.5,79.25,80.33333333333333,80.33333333333333,65.25,67.75,2018,2
96,England-Belgium,83.0,89.0,86.66666666666667,86.0,82.25,85.5,83.0,86.33333333333333,75.08333333333333,78.62301587301587,2018,0
97,Belgium-England,89.0,83.0,86.0,86.66666666666667,85.5,82.25,86.33333333333333,83.0,78.62301587301587,75.08333333333333,2018,2
98,Panama-Tunisia,82.0,71.0,70.80392156862744,75.66666666666667,72.35294117647058,66.75,69.47058823529412,73.33333333333333,67.01960784313725,69.2063492063492,2018,0
99,Tunisia-Panama,71.0,82.0,75.66666666666667,70.80392156862744,66.75,72.35294117647058,73.33333333333333,69.47058823529412,69.2063492063492,67.01960784313725,2018,2
100,Uruguay-France,81.0,88.0,80.96969696969697,87.0,75.5,86.25,80.0,85.33333333333333,63.75,81.0,2018,0
101,France-Uruguay,88.0,81.0,87.0,80.96969696969697,86.25,75.5,85.33333333333333,80.0,81.0,63.75,2018,2
102,Brazil-Belgium,87.0,89.0,86.66666666666667,86.0,85.5,85.5,86.66666666666667,86.33333333333333,74.77272727272727,78.62301587301587,2018,0
103,Belgium-Brazil,89.0,87.0,86.0,86.66666666666667,85.5,85.5,86.33333333333333,86.66666666666667,78.62301587301587,74.77272727272727,2018,2
104,Spain-Russia,91.0,80.0,83.33333333333333,68.0,86.5,78.0,88.33333333333333,75.8,72.91666666666667,72.2,2018,1
105,Russia-Spain,80.0,91.0,68.0,83.33333333333333,78.0,86.5,75.8,88.33333333333333,72.2,72.91666666666667,2018,1
106,Croatia-Denmark,82.0,83.0,84.33333333333333,78.33333333333333,85.5,76.75,81.33333333333333,76.66666666666667,75.83333333333333,69.08333333333333,2018,1
107,Denmark-Croatia,83.0,82.0,78.33333333333333,84.33333333333333,76.75,85.5,76.66666666666667,81.33333333333333,69.08333333333333,75.83333333333333,2018,1
108,Brazil-Mexico,87.0,69.0,86.66666666666667,79.0,85.5,75.0,86.66666666666667,77.0,74.77272727272727,65.25,2018,2
109,Mexico-Brazil,69.0,87.0,79.0,86.66666666666667,75.0,85.5,77.0,86.66666666666667,65.25,74.77272727272727,2018,0
110,Belgium-Japan,89.0,62.66666666666666,86.0,62.66666666666666,85.5,67.25,86.33333333333333,64.88888888888889,78.62301587301587,60.58333333333332,2018,2
111,Japan-Belgium,62.66666666666666,89.0,62.66666666666666,86.0,67.25,85.5,64.88888888888889,86.33333333333333,60.58333333333332,78.62301587301587,2018,0
112,Sweden-Switzerland,78.0,84.0,75.87878787878788,75.66666666666667,77.25,79.25,79.33333333333333,78.66666666666667,72.0,74.8531746031746,2018,2
113,Switzerland-Sweden,84.0,78.0,75.66666666666667,75.87878787878788,79.25,77.25,78.66666666666667,79.33333333333333,74.8531746031746,72.0,2018,0
114,Colombia-England,79.0,83.0,80.0,86.66666666666667,77.5,82.25,80.33333333333333,83.0,65.25,75.08333333333333,2018,1
115,England-Colombia,83.0,79.0,86.66666666666667,80.0,82.25,77.5,83.0,80.33333333333333,75.08333333333333,65.25,2018,1
116,Sweden-England,78.0,83.0,75.87878787878788,86.66666666666667,77.25,82.25,79.33333333333333,83.0,72.0,75.08333333333333,2018,0
117,England-Sweden,83.0,78.0,86.66666666666667,75.87878787878788,82.25,77.25,83.0,79.33333333333333,75.08333333333333,72.0,2018,2
118,Russia-Croatia,80.0,82.0,68.0,84.33333333333333,78.0,85.5,75.8,81.33333333333333,72.2,75.83333333333333,2018,1
119,Croatia-Russia,82.0,80.0,84.33333333333333,68.0,85.5,78.0,81.33333333333333,75.8,75.83333333333333,72.2,2018,1
120,France-Croatia,88.0,82.0,87.0,84.33333333333333,86.25,85.5,85.33333333333333,81.33333333333333,81.0,75.83333333333333,2018,2
121,Croatia-France,82.0,88.0,84.33333333333333,87.0,85.5,86.25,81.33333333333333,85.33333333333333,75.83333333333333,81.0,2018,0
122,France-Belgium,88.0,89.0,87.0,86.0,86.25,85.5,85.33333333333333,86.33333333333333,81.0,78.62301587301587,2018,2
123,Belgium-France,89.0,88.0,86.0,87.0,85.5,86.25,86.33333333333333,85.33333333333333,78.62301587301587,81.0,2018,0
124,Croatia-England,82.0,83.0,84.33333333333333,86.66666666666667,85.5,82.25,81.33333333333333,83.0,75.83333333333333,75.08333333333333,2018,2
125,England-Croatia,83.0,82.0,86.66666666666667,84.33333333333333,82.25,85.5,83.0,81.33333333333333,75.08333333333333,75.83333333333333,2018,0
126,Belgium-England,89.0,83.0,86.0,86.66666666666667,85.5,82.25,86.33333333333333,83.0,78.62301587301587,75.08333333333333,2018,2
127,England-Belgium,83.0,89.0,86.66666666666667,86.0,82.25,85.5,83.0,86.33333333333333,75.08333333333333,78.62301587301587,2018,0
